,ИХЖЪ,ИХЖЪ,ЦКБҝөИј¶,AQIЦёКэ,өұМмAQIЕЕГы,PM2.5,PM10,So2,No2,Co,O3
0,2017/1/1,2017/1/1,СПЦШОЫИҫ,454,365,430,501,8,131,6.43,4
1,2017/1/2,2017/1/2,ЦШ¶ИОЫИҫ,220,296,,246,12,92,3.14,24
2,2017/1/3,2017/1/3,СПЦШОЫИҫ,338,354,290,380,17,137,5.61,
3,2017/1/4,2017/1/4,СПЦШОЫИҫ,393,360,344,452,18,145,7.28,8
4,2017/1/5,2017/1/5,СПЦШОЫИҫ,276,345,224,275,,109,5.55,5
5,2017/1/6,2017/1/6,ЦШ¶ИОЫИҫ,245,350,194,190,23,104,4.28,7
5,2017/1/6,2017/1/6,ЦШ¶ИОЫИҫ,245,350,194,190,23,104,4.28,7
6,2017/1/7,2017/1/7,ЦШ¶ИОЫИҫ,211,327,,128,17,80,3.22,6
7,2017/1/8,2017/1/8,Бј ,104,36,22,9,33,0.97,42,42
8,2017/1/9,2017/1/9,УЕ,67,32,44,6,36,0.76,38,38
9,2017/1/10,2017/1/10,УЕ,71,23,40,6,32,0.64,45,45
10,2017/1/11,2017/1/11,Бј,198,-99,81,18,70,1.54,14,14
11,2017/1/12,2017/1/12,Бј,148,39,57,11,46,0.88,38,38
12,2017/1/13,2017/1/13,УЕ,35,7,20,4,19,0.38,60,60
13,2017/1/14,2017/1/14,УЕ,39,18,37,10,41,0.8,32,32
14,2017/1/15,2017/1/15,Бј,197,51,69,10,48,0.99,18,18
15,2017/1/16,2017/1/16,Зб¶ИОЫИҫ,123,284,92,107,17,65,1.71,4
16,2017/1/17,2017/1/17,ЦР¶ИОЫИҫ,176,311,132,144,20,71,2.11,10
17,2017/1/18,2017/1/18,Бј,74,37,50,9,48,0.83,,26
18,2017/1/19,2017/1/19,Бј,161,45,88,13,36,1.17,39,39
19,2017/1/20,2017/1/20,УЕ,45,21,34,7,31,,48,48
20,2017/1/21,2017/1/21,Бј,58,,49,9,28,0.78,48,48
21,2017/1/22,2017/1/22,УЕ,8,23,34,10,38,0.79,37,37
21,2017/1/22,2017/1/22,УЕ,8,23,34,10,38,0.79,37,37
22,2017/1/23,2017/1/23,УЕ,35,32,44,12,45,0.98,29,29
23,2017/1/24,2017/1/24,Зб¶ИОЫИҫ,114,239,85,100,27,73,2.04,15
24,2017/1/25,2017/1/25,ЦШ¶ИОЫИҫ,221,314,171,186,38,91,3.22,14
25,2017/1/26,2017/1/26,ЦШ¶ИОЫИҫ,203,289,159,196,25,62,2.66,33
26,2017/1/27,2017/1/27,Бј,149,60,88,20,28,0.72,59,59
27,2017/1/28,2017/1/28,СПЦШОЫИҫ,364,359,337,419,81,69,2.62,16
28,2017/1/29,2017/1/29,Бј,166,39,75,10,16,0.72,61,61
29,2017/1/30,2017/1/30,УЕ,101,24,31,9,19,0.56,,62
30,2017/1/31,2017/1/31,Зб¶ИОЫИҫ,102,310,75,86,27,40,1.26,45
0,2017/2/1,2017/2/1,Бј,125,30,49,12,24,0.6,56,56
1,2017/2/2,2017/2/2,Зб¶ИОЫИҫ,107,264,80,101,29,58,1.53,31
2,2017/2/3,2017/2/3,ЦР¶ИОЫИҫ,196,327,,181,43,83,2.57,25
3,2017/2/4,2017/2/4,СПЦШОЫИҫ,294,358,247,280,49,92,3.23,33
4,2017/2/5,2017/2/5,УЕ,6,12,16,,23,0.46,64,64
5,2017/2/6,2017/2/6,УЕ,14,12,23,6,26,0.47,55,55
6,2017/2/7,2017/2/7,Зб¶ИОЫИҫ,101,322,75,93,20,59,1.51,17
7,2017/2/8,2017/2/8,Бј,221,32,50,6,26,0.73,56,56
8,2017/2/9,2017/2/9,УЕ,24,6,20,2,10,0.3,73,73
9,2017/2/10,2017/2/10,УЕ,23,6,,2,13,0.31,74,74
10,2017/2/11,2017/2/11,Бј,86,42,66,17,43,0.87,45,45
11,2017/2/12,2017/2/12,Зб¶ИОЫИҫ,,306,104,132,41,76,2.28,23
12,2017/2/13,2017/2/13,Зб¶ИОЫИҫ,109,229,79,104,23,66,2.06,32
13,2017/2/14,2017/2/14,ЦШ¶ИОЫИҫ,225,338,176,190,30,95,2.89,12
14,2017/2/15,2017/2/15,СПЦШОЫИҫ,283,358,232,209,35,105,3.16,22
15,2017/2/16,2017/2/16,Зб¶ИОЫИҫ,145,289,107,71,18,54,1.44,47
15,2017/2/16,2017/2/16,Зб¶ИОЫИҫ,145,289,107,71,18,54,1.44,47
16,2017/2/17,2017/2/17,УЕј¶,39,20,37,6,27,0.52,59,59
17,2017/2/18,2017/2/18,Зб¶ИОЫИҫ,111,255,83,119,25,71,1.58,25
18,2017/2/19,2017/2/19,Зб¶ИОЫИҫ,150,277,97,143,24,61,1.41,43
19,2017/2/20,2017/2/20,УЕ,15,10,31,4,23,0.42,62,62
20,2017/2/21,2017/2/21,Бј,308,60,,14,58,1.32,17,17
21,2017/2/22,2017/2/22,Зб¶ИОЫИҫ,106,313,76,50,6,40,1.08,41
22,2017/2/23,2017/2/23,УЕ,43,16,28,6,29,,60,60
23,2017/2/24,2017/2/24,УЕ,80,25,39,9,43,0.76,45,45
24,2017/2/25,2017/2/25,УЕ,27,10,21,5,29,0.47,58,58
25,2017/2/26,2017/2/26,УЕ,50,27,45,9,49,0.76,41,41
26,2017/2/27,2017/2/27,Бј,219,64,93,16,75,1.42,27,27
27,2017/2/28,2017/2/28,УЕ,1,14,29,6,,0.52,58,58
0,2017/3/1,2017/3/1,УЕ,28,7,37,,13,0.32,79,79
1,2017/3/2,2017/3/2,Бј,105,36,73,11,,0.81,40,40
2,2017/3/3,2017/3/3,Зб¶ИОЫИҫ,110,343,82,139,22,67,1.47,33
3,2017/3/4,2017/3/4,Зб¶ИОЫИҫ,112,273,83,107,24,68,1.54,47
4,2017/3/5,2017/3/5,УЕ,35,14,33,4,19,0.38,73,73
5,2017/3/6,2017/3/6,УЕ,54,16,44,5,34,0.61,48,48
6,2017/3/7,2017/3/7,УЕ,12,6,24,2,12,0.3,70,70
7,2017/3/8,2017/3/8,УЕ,15,9,29,2,20,0.39,68,68
8,2017/3/9,2017/3/9,УЕ,11,11,32,3,33,0.45,53,53
9,2017/3/10,2017/3/10,Бј ,85,30,,10,59,0.79,,41
10,2017/3/11,2017/3/11,Бј,190,45,81,15,47,0.83,51,51
11,2017/3/12,2017/3/12,УЕ,43,6,27,2,11,0.26,79,79
4,2017/1/5,2017/1/5,СПЦШОЫИҫ,276,345,224,275,15,109,5.55,5
12,2017/3/13,2017/3/13,УЕ,48,9,26,4,27,0.4,63,63
13,2017/3/14,2017/3/14,УЕ,74,,44,6,,0.52,52,52
14,2017/3/15,2017/3/15,Бј,295,61,91,20,65,1.13,40,40
15,2017/3/16,2017/3/16,Зб¶ИОЫИҫ,149,361,112,153,23,86,1.35,39
16,2017/3/17,2017/3/17,ЦР¶ИОЫИҫ,159,354,120,159,18,68,1.07,46
17,2017/3/18,2017/3/18,ЦР¶ИОЫИҫ,184,359,140,,14,65,1.13,67
18,2017/3/19,2017/3/19,СПЦШОЫИҫ,272,366,221,249,31,78,2.02,79
19,2017/3/20,2017/3/20,ЦР¶ИОЫИҫ,184,363,142,146,18,72,1.34,39
20,2017/3/21,2017/3/21,Зб¶ИОЫИҫ,113,322,85,91,5,45,,50
21,2017/3/22,2017/3/22,ЦР¶ИОЫИҫ,173,359,131,170,17,77,1.21,39
21,2017/3/22,2017/3/22,ЦР¶ИОЫИҫ,173,359,131,170,17,77,1.21,39
22,2017/3/23,2017/3/23,ЦР¶ИОЫИҫ,163,355,124,,6,57,1.63,38
23,2017/3/24,2017/3/24,Бј,263,59,0,2,46,0.96,34,34
24,2017/3/25,2017/3/25,Бј,127,34,25,3,34,0.8,47,47
25,2017/3/26,2017/3/26,УЕ,14,11,,2,,0.33,70,70
26,2017/3/27,2017/3/27,УЕ,6,15,32,2,30,0.4,61,61
27,2017/3/28,2017/3/28,Бј,220,56,90,8,50,,52,52
28,2017/3/29,2017/3/29,Зб¶ИОЫИҫ,145,353,110,133,9,61,0.86,55
29,2017/3/30,2017/3/30,Зб¶ИОЫИҫ,119,311,88,131,14,54,1.14,46
30,2017/3/31,2017/3/31,УЕ,86,18,47,3,30,0.4,66,66
0,2017/4/1,2017/4/1,Бј,119,28,73,5,,0.58,48,48
1,2017/4/2,2017/4/2,Бј,262,66,110,12,70,1.07,48,48
2,2017/4/3,2017/4/3,ЦР¶ИОЫИҫ,159,360,,168,19,76,1.26,74
3,2017/4/4,2017/4/4,ЦР¶ИОЫИҫ,175,363,134,155,20,63,1.14,62
4,2017/4/5,2017/4/5,Бј,224,61,60,,27,0.61,95,95
5,2017/4/6,2017/4/6,Зб¶ИОЫИҫ,126,324,95,91,5,44,0.9,74
6,2017/4/7,2017/4/7,Зб¶ИОЫИҫ,103,280,76,120,7,43,0.79,60
7,2017/4/8,2017/4/8,Зб¶ИОЫИҫ,,328,76,138,6,59,0.89,30
8,2017/4/9,2017/4/9,Бј ,349,63,100,6,45,0.88,46,46
9,2017/4/10,2017/4/10,Бј,339,64,117,8,57,0.74,42,42
10,2017/4/11,2017/4/11,Бј,204,27,66,3,,0.38,62,62
11,2017/4/12,2017/4/12,Бј,199,25,84,4,49,0.54,46,46
12,2017/4/13,2017/4/13,Бј,307,52,,13,60,,49,49
13,2017/4/14,2017/4/14,Бј,317,58,131,5,65,0.85,45,45
14,2017/4/15,2017/4/15,Бј,115,34,86,4,48,0.48,63,63
15,2017/4/16,2017/4/16,Зб¶ИОЫИҫ,134,350,90,171,15,68,0.95,56
16,2017/4/17,2017/4/17,ЦР¶ИОЫИҫ,180,354,125,215,7,54,0.95,57
17,2017/4/18,2017/4/18,Бј,145,,78,2,17,0.24,,81
18,2017/4/19,2017/4/19,Бј,230,41,,6,67,0.8,20,20
19,2017/4/20,2017/4/20,Бј,227,,92,2,43,0.69,46,46
20,2017/4/21,2017/4/21,Бј ,141,16,56,2,20,0.29,74,74
21,2017/4/22,2017/4/22,Бј,325,41,118,7,41,0.46,68,68
21,2017/4/22,2017/4/22,Бј,325,41,118,7,41,0.46,68,68
22,2017/4/23,2017/4/23,Бј,116,22,71,3,21,0.37,86,86
23,2017/4/23,2017/4/23,Бј,116,22,71,3,21,0.37,86,86
24,2017/4/24,2017/4/24,Бј,168,33,82,4,30,0.5,73,73
25,2017/4/25,2017/4/25,УЕ,40,11,37,2,22,0.27,59,59
26,2017/4/26,2017/4/26,УЕ,88,13,38,2,27,0.33,64,64
27,2017/4/27,2017/4/27,УЕ,87,14,46,2,32,0.31,62,62
28,2017/4/28,2017/4/28,Бј,110,21,65,2,36,0.39,67,67
1,2017/4/2,2017/4/2,Бј,262,66,110,12,70,1.07,48,48
29,2017/4/29,2017/4/29,Бј ,166,38,99,2,39,0.39,69,69
30,2017/4/30,2017/4/30,Зб¶ИОЫИҫ,106,312,48,159,4,42,0.48,77
0,2017/5/1,2017/5/1,Бј,222,40,112,7,44,0.7,71,71
1,2017/5/2,2017/5/2,Бј,293,57,,9,50,0.95,105,105
2,2017/5/3,2017/5/3,Зб¶ИОЫИҫ,104,324,72,121,8,47,0.85,79
3,2017/5/4,2017/5/4,СПЦШОЫИҫ,420,354,336,772,2,21,0.29,79
4,2017/5/5,2017/5/5,СПЦШОЫИҫ,256,312,185,438,3,21,0.31,64
4,2017/5/5,2017/5/5,СПЦШОЫИҫ,256,312,185,438,3,21,0.31,64
5,2017/5/6,2017/5/6,Бј,128,,90,2,32,0.36,68,68
6,2017/5/7,2017/5/7,Бј,113,26,75,3,40,0.4,78,78
7,2017/5/8,2017/5/8,Бј,255,52,109,6,52,0.56,96,96
8,2017/5/9,2017/5/9,Бј,280,45,97,6,25,0.51,107,107
9,2017/5/10,2017/5/10,Бј ,135,37,68,3,,0.46,87,87
10,2017/5/11,2017/5/11,Бј,271,28,130,3,30,0.32,69,69
11,2017/5/12,2017/5/12,Зб¶ИОЫИҫ,109,303,42,166,4,23,0.39,90
12,2017/5/13,2017/5/13,Бј,142,18,71,2,15,0.25,72,72
13,2017/5/14,2017/5/14,УЕј¶,52,11,37,2,15,0.28,87,87
14,2017/5/15,2017/5/15,Бј,183,20,58,5,,0.52,94,94
15,2017/5/16,2017/5/16,Бј,87,342,40,88,8,28,0.59,126
16,2017/5/17,2017/5/17,Зб¶ИОЫИҫ,118,358,58,111,8,34,0.68,151
17,2017/5/18,2017/5/18,Зб¶ИОЫИҫ,144,356,79,143,9,50,0.82,169
18,2017/5/19,2017/5/19,Зб¶ИОЫИҫ,145,351,83,152,8,39,0.79,153
19,2017/5/20,2017/5/20,Зб¶ИОЫИҫ,115,331,54,124,8,37,0.7,131
20,2017/5/20,2017/5/20,Зб¶ИОЫИҫ,115,331,54,124,8,37,0.7,131
21,2017/5/21,2017/5/21,Бј,284,56,98,14,,0.94,123,123
22,2017/5/22,2017/5/22,Бј,241,42,60,7,33,1.15,40,40
23,2017/5/23,2017/5/23,УЕ,157,17,37,,28,0.36,96,96
24,2017/5/24,2017/5/24,Бј,176,16,51,2,41,0.38,77,77
25,2017/5/25,2017/5/25,Бј,232,20,82,5,37,0.53,90,90
26,2017/5/26,2017/5/26,Бј,289,43,94,8,48,0.58,110,110
27,2017/5/27,2017/5/27,Зб¶ИОЫИҫ,110,312,65,116,19,45,1.29,154
28,2017/5/28,2017/5/28,Зб¶ИОЫИҫ,150,359,87,137,15,34,1.36,167
29,2017/5/29,2017/5/29,Бј,146,28,88,7,24,0.66,,92
30,2017/5/30,2017/5/30,Бј,169,39,68,2,36,0.64,91,91
31,2017/5/31,2017/5/31,Зб¶ИОЫИҫ,117,331,65,105,3,43,0.75,115
0,2017/6/1,2017/6/1,Бј,213,22,56,3,27,0.6,113,113
1,2017/6/2,2017/6/2,Бј,175,22,65,11,36,0.94,53,53
2,2017/6/3,2017/6/3,Бј,194,28,55,4,34,0.69,75,75
3,2017/6/4,2017/6/4,Бј,354,45,,9,47,0.63,111,111
4,2017/6/5,2017/6/5,Зб¶ИОЫИҫ,108,361,63,113,15,59,0.91,119
5,2017/6/6,2017/6/6,Бј,247,35,46,2,23,0.5,81,81
6,2017/6/7,2017/6/7,Бј,302,45,53,2,29,0.6,85,85
7,2017/6/8,2017/6/8,Бј,144,23,53,2,51,0.55,63,63
8,2017/6/9,2017/6/9,Бј,289,28,88,4,50,0.59,103,103
9,2017/6/10,2017/6/10,Бј,263,20,70,10,,0.77,83,83
10,2017/6/11,2017/6/11,Бј,298,31,83,6,46,0.64,,88
25,2017/5/25,2017/5/25,Бј,232,20,82,5,37,0.53,90,90
11,2017/6/12,2017/6/12,Бј,283,33,78,15,43,1.08,92,92
12,2017/6/13,2017/6/13,Бј,255,39,62,,41,0.81,98,98
13,2017/6/14,2017/6/14,Бј,276,36,59,2,45,0.72,106,106
14,2017/6/15,2017/6/15,Зб¶ИОЫИҫ,104,295,37,89,3,44,0.59,150
15,2017/6/16,2017/6/16,Зб¶ИОЫИҫ,,301,57,124,5,39,0.62,155
16,2017/6/17,2017/6/17,Зб¶ИОЫИҫ,134,341,79,155,10,36,0.87,177
17,2017/6/18,2017/6/18,Зб¶ИОЫИҫ,130,349,71,128,10,30,0.84,166
18,2017/6/19,2017/6/19,Бј,317,35,58,2,25,0.57,146,146
19,2017/6/20,2017/6/20,Бј,327,31,64,3,24,0.61,157,157
20,2017/6/21,2017/6/21,Зб¶ИОЫИҫ,101,332,,83,7,28,0.86,151
21,2017/6/22,2017/6/22,Бј,225,,27,1,23,0.77,94,94
22,2017/6/23,2017/6/23,УЕ,132,18,11,2,18,0.66,85,85
23,2017/6/24,2017/6/24,УЕ,115,19,26,2,,0.5,77,77
24,2017/6/25,2017/6/25,Бј,233,25,44,2,30,0.5,,84
25,2017/6/26,2017/6/26,Бј,224,22,45,1,34,0.44,,104
26,2017/6/27,2017/6/27,Зб¶ИОЫИҫ,135,356,69,106,5,39,0.79,150
27,2017/6/28,2017/6/28,Зб¶ИОЫИҫ,138,359,94,124,7,40,1.17,154
28,2017/6/29,2017/6/29,Зб¶ИОЫИҫ,108,332,59,86,5,30,0.82,152
29,2017/6/30,2017/6/30,Зб¶ИОЫИҫ,127,359,71,111,2,36,0.84,159
0,2017/7/1,2017/7/1,Зб¶ИОЫИҫ,137,362,89,132,,40,0.97,154
1,2017/7/2,2017/7/2,ЦР¶ИОЫИҫ,157,362,93,122,6,31,1.08,157
2,2017/7/3,2017/7/3,Бј,308,59,77,2,28,0.81,103,103
3,2017/7/4,2017/7/4,Бј,270,48,55,2,37,0.8,88,88
4,2017/7/5,2017/7/5,Зб¶ИОЫИҫ,117,363,82,92,2,36,1.02,116
5,2017/7/6,2017/7/6,Бј,356,69,49,3,31,1.37,71,71
6,2017/7/7,2017/7/7,Бј,274,31,38,2,18,0.73,113,113
7,2017/7/8,2017/7/8,Бј,313,36,57,1,28,0.63,129,129
8,2017/7/9,2017/7/9,Зб¶ИОЫИҫ,125,361,73,98,2,28,1.02,152
9,2017/7/10,2017/7/10,Бј,301,24,52,2,30,0.5,124,124
10,2017/7/11,2017/7/11,Зб¶ИОЫИҫ,118,344,43,,3,40,0.78,171
11,2017/7/12,2017/7/12,Зб¶ИОЫИҫ,136,363,73,131,3,38,0.92,165
12,2017/7/13,2017/7/13,Зб¶ИОЫИҫ,101,343,65,93,3,24,0.74,131
13,2017/7/14,2017/7/14,Бј,284,32,62,2,34,0.64,112,112
14,2017/7/15,2017/7/15,Бј,302,34,45,2,26,0.89,111,111
15,2017/7/16,2017/7/16,Зб¶ИОЫИҫ,110,365,63,84,,34,1.11,123
16,2017/7/17,2017/7/17,Бј,339,53,71,2,28,1.01,105,105
17,2017/7/18,2017/7/18,Бј,344,62,80,2,26,0.89,91,91
18,2017/7/19,2017/7/19,Зб¶ИОЫИҫ,101,351,73,83,2,24,0.75,101
19,2017/7/20,2017/7/20,Зб¶ИОЫИҫ,,361,96,113,2,29,0.78,104
20,2017/7/21,2017/7/21,УЕ,121,22,24,2,24,0.67,60,60
21,2017/7/22,2017/7/22,УЕ,60,21,35,2,29,,46,46
22,2017/7/23,2017/7/23,Бј,199,41,,2,35,0.69,52,52
23,2017/7/24,2017/7/24,Бј,206,40,57,2,38,0.76,26,26
24,2017/7/25,2017/7/25,Бј,184,31,48,3,31,0.81,71,71
25,2017/7/26,2017/7/26,УЕ,60,21,33,2,29,0.68,62,62
26,2017/7/27,2017/7/27,Бј,177,38,64,2,44,0.93,49,49
27,2017/7/28,2017/7/28,Бј,156,26,57,2,41,0.71,62,62
28,2017/7/29,2017/7/29,Бј,234,31,59,2,37,,79,79
15,2017/7/16,2017/7/16,Зб¶ИОЫИҫ,110,365,63,84,2,34,1.11,123
29,2017/7/30,2017/7/30,Бј,306,36,66,2,33,0.65,104,104
29,2017/7/30,2017/7/30,Бј ,306,36,66,2,33,0.65,104,104
30,2017/7/31,2017/7/31,Зб¶ИОЫИҫ,128,356,,100,2,34,0.92,143
0,2017/8/1,2017/8/1,Бј,346,67,86,2,29,0.96,92,92
1,2017/8/2,2017/8/2,Бј,234,33,50,3,,1.04,47,47
2,2017/8/3,2017/8/3,УЕ,168,19,37,2,17,0.6,85,85
3,2017/8/4,2017/8/4,Бј,254,20,43,2,34,0.54,92,92
4,2017/8/5,2017/8/5,Бј,281,25,57,2,33,,108,108
5,2017/8/6,2017/8/6,Бј,167,16,33,2,27,0.47,87,87
6,2017/8/7,2017/8/7,УЕ,144,9,32,2,29,0.4,90,90
7,2017/8/8,2017/8/8,Бј,353,,67,,37,0.64,121,121
8,2017/8/9,2017/8/9,Бј,246,21,34,2,23,,103,103
9,2017/8/10,2017/8/10,Бј,327,62,83,2,31,0.75,106,106
10,2017/8/11,2017/8/11,Зб¶ИОЫИҫ,123,358,89,98,2,36,1.14,88
11,2017/8/12,2017/8/12,УЕ,161,29,36,2,34,0.73,,68
12,2017/8/13,2017/8/13,Бј,277,39,50,2,34,0.87,49,49
13,2017/8/14,2017/8/14,Бј,222,26,40,2,25,0.74,83,83
14,2017/8/15,2017/8/15,Бј,317,52,73,3,30,0.91,94,94
15,2017/8/16,2017/8/16,Бј,340,56,71,2,36,0.86,62,62
16,2017/8/17,2017/8/17,УЕ,176,21,34,2,26,0.67,73,73
17,2017/8/18,2017/8/18,Бј,333,51,72,2,50,1.14,60,60
18,2017/8/19,2017/8/19,Бј,299,41,50,2,31,1,75,75
19,2017/8/20,2017/8/20,Бј,349,59,71,2,35,1.19,77,77
20,2017/8/21,2017/8/21,Зб¶ИОЫИҫ,103,359,68,92,2,36,1.04,108
21,2017/8/22,2017/8/22,Зб¶ИОЫИҫ,104,361,77,94,2,33,0.93,67
22,2017/8/23,2017/8/23,УЕ,177,10,28,2,25,0.51,81,81
23,2017/8/24,2017/8/24,УЕј¶,146,13,36,2,35,0.52,40,40
24,2017/8/25,2017/8/25,УЕ,102,8,34,2,35,0.41,38,38
25,2017/8/26,2017/8/26,УЕ,229,13,53,2,46,0.52,29,29
26,2017/8/27,2017/8/27,УЕ,81,16,27,2,27,0.52,55,55
27,2017/8/28,2017/8/28,УЕ,123,18,17,,25,0.49,39,39
28,2017/8/29,2017/8/29,УЕ,207,14,45,3,34,0.47,41,41
29,2017/8/30,2017/8/30,Бј,356,50,85,3,42,0.79,70,70
30,2017/8/31,2017/8/31,Зб¶ИОЫИҫ,106,359,79,97,2,33,0.88,65
0,2017/9/1,2017-09-01,ЦР¶ИОЫИҫ,177,366,134,149,2,38,,71
1,2017/9/2,2017-09-02,Зб¶ИОЫИҫ,148,366,109,118,2,32,1.16,79
2,2017/9/3,2017-09-03,Бј,319,55,77,3,29,0.77,87,87
3,2017/9/4,2017-09-04,Зб¶ИОЫИҫ,117,366,87,111,3,34,0.9,93
4,2017/9/5,2017-09-05,Бј,295,39,59,2,33,0.65,51,51
5,2017/9/6,2017-09-06,УЕ,190,14,47,2,40,0.48,56,56
6,2017/9/7,2017-09-07,Бј,333,42,,2,46,0.72,102,102
7,2017/9/8,2017-09-08,Зб¶ИОЫИҫ,139,364,106,134,2,58,1.08,51
8,2017/9/9,2017-09-09,Зб¶ИОЫИҫ,110,352,78,115,2,31,1.12,148
9,2017/9/10,2017-09-10,Зб¶ИОЫИҫ,121,364,90,104,3,40,1.14,56
10,2017/9/11,2017-09-11,УЕ,142,19,36,,38,0.5,46,46
11,2017/9/12,2017-09-12,УЕ,128,19,55,,41,0.5,59,59
12,2017/9/13,2017-09-13,Зб¶ИОЫИҫ,101,348,70,120,5,56,1.07,94
13,2017/9/14,2017-09-14,Зб¶ИОЫИҫ,125,365,86,125,4,,1.03,89
14,2017/9/15,2017-09-15,Бј,312,58,98,3,59,0.84,,59
15,2017/9/16,2017-09-16,Зб¶ИОЫИҫ,116,355,87,124,3,60,1.04,74
16,2017/9/17,2017-09-17,УЕ,39,10,30,2,32,0.37,53,53
17,2017/9/18,2017-09-18,Бј,134,21,70,2,53,0.55,62,62
18,2017/9/19,2017-09-19,УЕ,97,12,48,,44,0.44,42,42
19,2017/9/20,2017-09-20,УЕ,47,150,12,51,2,44,0.41,47
20,2017/9/21,2017-09-21,Бј,308,55,115,7,73,0.94,66,66
21,2017/9/22,2017-09-22,Бј,245,24,90,2,38,0.46,53,53
22,2017/9/23,2017-09-23,Зб¶ИОЫИҫ,117,354,46,183,5,68,,47
23,2017/9/24,2017-09-24,Бј,347,59,146,4,54,0.97,84,84
24,2017/9/25,2017-09-25,Зб¶ИОЫИҫ,103,345,75,129,7,45,1.44,79
25,2017/9/26,2017-09-26,Бј,312,48,67,2,40,0.71,35,35
26,2017/9/27,2017-09-27,Бј,238,26,58,3,47,0.92,14,14
27,2017/9/28,2017-09-28,УЕ,55,9,33,2,27,0.32,41,41
28,2017/9/29,2017-09-29,Бј,288,40,95,3,67,0.72,34,34
29,2017/9/30,2017-09-30,Зб¶ИОЫИҫ,144,361,107,155,4,66,1.11,56
0,2017/10/1,2017/10/1,Зб¶ИОЫИҫ,111,352,73,91,1,47,0.75,52
1,2017/10/2,2017/10/2,УЕ,159,12,44,3,32,0.5,24,24
2,2017/10/3,2017/10/3,УЕ,109,15,33,1,32,0.43,23,23
3,2017/10/5,2017/10/5,Бј,346,53,77,4,38,0.72,45,45
4,2017/10/6,2017/10/6,Бј,353,67,89,5,47,0.78,43,43
5,2017/10/7,2017/10/7,Зб¶ИОЫИҫ,146,361,109,131,2,71,1.11,11
6,2017/10/8,2017/10/8,ЦР¶ИОЫИҫ,,363,126,91,2,67,,5
7,2017/10/9,2017/10/9,УЕ,179,29,10,2,29,0.64,20,20
8,2017/10/10,2017/10/10,УЕ,6,,8,2,18,0.33,31,31
9,2017/10/11,2017/10/11,УЕ,15,10,,2,26,0.41,,22
10,2017/10/12,2017/10/12,УЕ,141,19,35,2,37,0.49,22,22
11,2017/10/13,2017/10/13,Бј,234,35,53,999,45,0.75,22,22
12,2017/10/14,2017/10/14,УЕ,82,14,32,3,41,0.61,18,18
13,2017/10/15,2017/10/15,Бј,266,46,52,2,38,1.01,,21
14,2017/10/16,2017/10/16,Бј,237,38,51,3,39,0.92,29,29
14,2017/10/16,2017/10/16,Бј,237,38,51,3,39,0.92,29,29
15,2017/10/17,2017/10/17,Бј,319,68,80,2,46,1.19,25,25
16,2017/10/18,2017/10/18,Бј,326,67,22,2,44,1.18,17,17
17,2017/10/19,2017/10/19,Бј,261,53,20,,36,1.16,24,24
18,2017/10/20,2017/10/20,Зб¶ИОЫИҫ,123,325,93,47,2,44,1.36,25
19,2017/10/21,2017/10/21,Зб¶ИОЫИҫ,103,308,75,57,2,36,1.31,36
20,2017/10/22,2017/10/22,Бј ,115,37,47,3,,0.89,16,16
21,2017/10/23,2017/10/23,УЕ,91,34,43,2,36,,24,24
22,2017/10/24,2017/10/24,Бј,263,66,76,2,44,0.91,30,30
26,2017/8/27,2017/8/27,УЕ,81,16,27,2,27,0.52,55,55
23,2017/10/25,2017/10/25,Зб¶ИОЫИҫ,141,350,106,58,2,52,1.27,16
24,2017/10/26,2017/10/26,ЦР¶ИОЫИҫ,195,360,149,17,2,65,1.56,11
25,2017/10/27,2017/10/27,ЦШ¶ИОЫИҫ,217,352,166,0,2,,1.54,20
26,2017/10/28,2017/10/28,Бј,172,47,48,1,26,0.66,,38
27,2017/10/29,2017/10/29,УЕ,4,7,21,2,24,0.34,39,39
28,2017/10/30,2017/10/30,УЕ,31,17,41,3,44,0.53,,24
29,2017/10/31,2017/10/31,Бј,229,56,98,4,69,0.94,7,7
0,2017/11/1,2017-11-01,Бј,193,63,99,2,76,1.01,12,12
1,2017/11/2,2017-11-02,Бј,113,50,84,5,55,0.91,27,27
2,2017/11/3,2017-11-03,УЕ,4,7,27,2,27,0.34,39,39
3,2017/11/4,2017-11-04,Бј,102,33,60,3,51,,22,22
4,2017/11/5,2017-11-05,Зб¶ИОЫИҫ,131,329,98,118,5,67,1.23,17
5,2017/11/6,2017-11-06,ЦР¶ИОЫИҫ,200,356,151,136,4,67,1.48,25
6,2017/11/7,2017-11-07,Зб¶ИОЫИҫ,129,265,86,74,2,43,0.93,35
7,2017/11/8,2017-11-08,УЕ,53,18,42,5,48,0.79,19,19
8,2017/11/9,2017-11-09,Бј,179,50,89,5,61,1.34,8,8
9,2017/11/10,2017-11-10,УЕ,28,9,39,2,15,0.31,49,49
10,2017/11/11,2017-11-11,УЕ,38,16,34,3,34,0.42,24,24
11,2017/11/12,2017-11-12,Бј,253,53,89,5,61,0.97,7,7
12,2017/11/13,2017-11-13,Бј,165,26,71,2,30,0.62,38,38
13,2017/11/14,2017-11-14,УЕ,10,9,27,2,23,0.44,39,39
14,2017/11/15,2017-11-15,УЕ,54,14,,2,35,0.51,35,35
15,2017/11/16,2017-11-16,Бј,213,55,83,9,69,1.29,10,10
16,2017/11/17,2017-11-17,Бј,154,24,,4,32,0.67,40,40
17,2017/11/18,2017-11-18,Бј,224,34,54,5,31,0.58,38,38
18,2017/11/19,2017-11-19,Зб¶ИОЫИҫ,115,346,86,114,8,69,1.27,8
19,2017/11/20,2017-11-20,Зб¶ИОЫИҫ,135,342,101,128,10,83,1.82,11
20,2017/11/21,2017-11-21,ЦР¶ИОЫИҫ,166,354,119,161,11,85,1.83,20
20,2017/11/21,2017-11-21,ЦР¶ИОЫИҫ,166,354,119,161,11,85,1.83,20
21,2017/11/22,2017-11-22,УЕ,45,7,33,2,16,0.33,52,52
22,2017/11/23,2017-11-23,УЕ,16,6,28,2,19,0.37,43,43
23,2017/11/24,2017-11-24,УЕ,49,18,44,5,31,0.53,33,33
24,2017/11/25,2017-11-25,Бј,128,39,74,7,57,0.97,,16
25,2017/11/26,2017-11-26,УЕ,27,10,27,2,22,0.39,49,49
26,2017/11/27,2017-11-27,Бј,236,67,92,9,69,1.37,8,8
27,2017/11/28,2017-11-28,Бј,127,39,78,4,39,0.86,36,36
28,2017/11/29,2017-11-29,УЕ,15,,32,3,32,0.48,33,33
29,2017/11/30,2017-11-30,УЕ,116,22,,6,41,0.68,28,28
0,2017/12/1,2017/12/1,Бј,280,67,99,10,,1.26,12,12
1,2017/12/2,2017/12/2,ЦР¶ИОЫИҫ,187,344,144,177,15,103,2.24,5
2,2017/12/3,2017/12/3,Бј,191,52,72,6,41,0.92,40,40
3,2017/12/4,2017/12/4,УЕ,2,5,21,1,15,0.34,53,53
4,2017/12/5,2017/12/5,УЕ,34,22,46,5,43,0.72,27,27
5,2017/12/6,2017/12/6,УЕ,30,23,53,6,41,0.78,32,32
6,2017/12/7,2017/12/7,УЕ,2,8,25,4,19,0.42,39,39
7,2017/12/8,2017/12/8,УЕ,23,20,43,5,40,0.73,23,23
8,2017/12/9,2017/12/9,Бј,41,33,62,8,58,1.04,16,16
9,2017/12/10,2017/12/10,УЕ,19,6,45,2,13,0.28,61,61
10,2017/12/11,2017/12/11,УЕ,6,5,20,2,15,0.32,54,54
11,2017/12/12,2017/12/12,УЕ,7,12,25,3,30,0.55,27,27
12,2017/12/13,2017/12/13,УЕ,82,31,49,6,50,0.87,10,10
13,2017/12/14,2017/12/14,Бј,249,70,85,18,68,1.76,6,6
14,2017/12/15,2017/12/15,Бј,179,35,57,6,34,0.85,,37
15,2017/12/16,2017/12/16,УЕ,69,7,39,1,10,0.32,58,58
16,2017/12/17,2017/12/17,УЕ,54,-99,48,5,48,0.76,30,30
17,2017/12/18,2017/12/18,УЕ,32,13,49,3,21,0.44,47,47
18,2017/12/19,2017/12/19,Бј,102,34,66,8,47,0.74,20,20
19,2017/12/20,2017/12/20,УЕ,18,21,,,40,0.65,36,36
20,2017/12/21,2017/12/21,Бј,126,51,77,12,77,1.33,9,9
21,2017/12/22,2017/12/22,Бј,50,36,63,9,55,1.07,29,29
22,2017/12/23,2017/12/23,УЕ,20,30,55,10,60,1.02,13,13
22,2017/12/23,2017/12/23,УЕ,20,30,55,10,60,1.02,13,13
23,2017/12/24,2017/12/24,УЕ,33,14,50,3,17,0.42,59,59
24,2017/12/25,2017/12/25,УЕ,33,28,,8,44,0.69,28,28
25,2017/12/26,2017/12/26,УЕ,32,22,42,6,45,0.73,31,31
26,2017/12/27,2017/12/27,Зб¶ИОЫИҫ,101,176,75,91,10,69,1.45,7
27,2017/12/28,2017/12/28,Зб¶ИОЫИҫ,140,240,105,120,11,68,1.86,10
28,2017/12/29,2017/12/29,ЦШ¶ИОЫИҫ,221,292,172,194,6,85,2.9,6
29,2017/12/30,2017/12/30,ЦР¶ИОЫИҫ,157,254,116,129,4,62,2.03,22
30,2017/12/31,2017/12/31,Бј ,40,29,62,5,47,0.83,21,21
0,2018/1/1,2018/1/1,Бј,42,35,65,11,46,1.23,23,23
1,2018/1/2,2018/1/2,УЕ,44,27,48,6,35,0.94,28,28
2,2018/1/3,2018/1/3,УЕ,21,10,,4,,0.44,44,44
3,2018/1/4,2018/1/4,УЕ,56,14,27,4,31,0.51,32,32
4,2018/1/5,2018/1/5,Бј,127,30,52,8,51,0.95,20,20
5,2018/1/6,2018/1/6,УЕ,44,14,,5,38,0.57,35,35
6,2018/1/7,2018/1/7,Бј,170,37,57,10,46,0.92,27,27
7,2018/1/8,2018/1/8,Бј,111,12,,3,10,0.34,60,60
8,2018/1/9,2018/1/9,УЕ,28,6,32,2,12,0.35,58,58
9,2018/1/10,2018/1/10,УЕ,14,5,20,2,8,0.3,62,62
10,2018/1/11,2018/1/11,УЕ,5,10,,4,22,0.47,46,46
11,2018/1/12,2018/1/12,Бј,222,55,77,12,72,1.32,11,11
12,2018/1/13,2018/1/13,Зб¶ИОЫИҫ,130,291,98,122,17,85,1.83,8
13,2018/1/14,2018/1/14,ЦР¶ИОЫИҫ,177,327,136,151,13,77,1.91,23
14,2018/1/15,2018/1/15,УЕ,23,29,52,7,48,0.94,29,29
15,2018/1/16,2018/1/16,Зб¶ИОЫИҫ,114,205,45,175,5,43,0.79,37
16,2018/1/17,2018/1/17,Бј,80,43,106,9,51,1.09,31,31
17,2018/1/18,2018/1/18,Бј,119,56,96,11,74,1.19,14,14
18,2018/1/19,2018/1/19,Зб¶ИОЫИҫ,108,174,,119,14,78,1.56,19
19,2018/1/20,2018/1/20,Бј,84,30,73,9,51,0.88,24,24
20,2018/1/21,2018/1/21,Бј,106,35,74,20,47,1.3,21,21
21,2018/1/22,2018/1/22,УЕ,53,23,47,4,28,0.7,,45
22,2018/1/23,2018/1/23,УЕ,12,8,29,3,14,0.44,58,58
23,2018/1/24,2018/1/24,УЕ,18,15,30,4,28,0.48,52,52
24,2018/1/25,2018/1/25,УЕ,38,8,21,,26,0.44,52,52
25,2018/1/26,2018/1/26,УЕ,81,24,36,7,43,0.6,34,34
26,2018/1/27,2018/1/27,Зб¶ИОЫИҫ,105,307,78,92,14,,1.48,9
27,2018/1/28,2018/1/28,Бј,139,13,62,2,16,0.42,62,62
28,2018/1/29,2018/1/29,Бј,106,8,61,3,18,0.37,59,59
29,2018/1/30,2018/1/30,УЕ,13,10,34,5,26,0.44,57,57
30,2018/1/31,2018/1/31,Бј,93,19,70,6,28,0.47,54,54
0,2018/2/1,2018/2/1,Бј,72,30,83,10,,0.78,39,39
1,2018/2/2,2018/2/2,УЕ,5,7,29,4,11,0.36,67,67
2,2018/2/3,2018/2/3,УЕ,1,7,20,4,19,0.4,55,55
3,2018/2/4,2018/2/4,УЕ,10,17,34,,33,0.57,43,43
4,2018/2/5,2018/2/5,УЕ,6,6,17,3,14,0.34,64,64
5,2018/2/6,2018/2/6,Бј,109,41,53,12,51,0.9,29,29
6,2018/2/7,2018/2/7,Бј,79,32,53,8,34,0.73,54,54
7,2018/2/8,2018/2/8,Бј,84,48,68,11,54,0.96,32,32
8,2018/2/9,2018/2/9,Бј,125,,109,8,,0.81,47,47
9,2018/2/10,2018/2/10,УЕ,41,9,9,41,3,12,0.36,67
10,2018/2/11,2018/2/11,Бј,103,8,78,3,6,0.28,73,73
11,2018/2/12,2018/2/12,Бј,58,10,55,4,13,0.38,66,66
12,2018/2/13,2018/2/13,Бј,210,55,77,13,58,1.2,29,29
13,2018/2/14,2018/2/14,УЕ,18,14,35,3,19,,69,69
14,2018/2/15,2018/2/15,Бј,102,37,48,13,19,0.52,70,70
15,2018/2/16,2018/2/16,Зб¶ИОЫИҫ,105,151,75,97,14,23,0.61,64
16,2018/2/17,2018/2/17,Зб¶ИОЫИҫ,105,233,78,89,15,34,1.43,42
17,2018/2/18,2018/2/18,Зб¶ИОЫИҫ,148,329,,95,14,48,1.86,47
18,2018/2/19,2018/2/19,ЦР¶ИОЫИҫ,185,348,140,75,23,44,2.18,52
19,2018/2/20,2018/2/20,Бј ,230,47,19,5,21,0.72,,68
20,2018/2/21,2018/2/21,Бј,147,32,41,7,26,0.66,60,60
21,2018/2/22,2018/2/22,УЕ,108,15,44,5,27,0.51,57,57
22,2018/2/23,2018/2/23,УЕ,112,20,,5,30,0.63,53,53
23,2018/2/24,2018/2/24,Бј,203,30,77,10,,0.73,54,54
24,2018/2/25,2018/2/25,Бј,222,54,66,10,42,0.88,41,41
25,2018/2/26,2018/2/26,ЦР¶ИОЫИҫ,159,340,120,120,21,71,1.66,43
26,2018/2/27,2018/2/27,ЦШ¶ИОЫИҫ,219,353,169,171,12,57,2.05,38
27,2018/2/28,2018/2/28,Зб¶ИОЫИҫ,133,312,92,121,9,37,1.12,66
0,2018/3/1,2018/3/1,УЕ,63,14,48,3,15,,75,75
1,2018/3/2,2018/3/2,Бј,318,,99,17,52,,41,41
2,2018/3/3,2018/3/3,ЦШ¶ИОЫИҫ,217,357,167,195,19,75,1.94,29
3,2018/3/4,2018/3/4,Зб¶ИОЫИҫ,135,344,61,198,7,37,0.89,38
4,2018/3/5,2018/3/5,Бј,345,47,132,8,43,,37,37
5,2018/3/6,2018/3/6,Бј,261,45,65,10,40,0.95,44,44
6,2018/3/7,2018/3/7,Бј,238,44,61,8,48,0.78,34,34
7,2018/3/8,2018/3/8,Бј,212,42,58,5,35,0.73,59,59
8,2018/3/9,2018/3/9,Зб¶ИОЫИҫ,136,344,,112,12,68,1.3,35
9,2018/3/10,2018/3/10,ЦР¶ИОЫИҫ,165,343,123,136,15,64,1.53,60
10,2018/3/11,2018/3/11,Бј,210,60,69,16,47,1.33,51,51
11,2018/3/12,2018/3/12,ЦР¶ИОЫИҫ,183,343,141,147,11,72,1.7,43
12,2018/3/13,2018/3/13,СПЦШОЫИҫ,289,358,238,9,10,93,2.08,71
13,2018/3/14,2018/3/14,СПЦШОЫИҫ,293,362,242,0,16,80,2.61,54
14,2018/3/15,2018/3/15,Бј,189,26,48,3,17,0.46,75,75
15,2018/3/16,2018/3/16,Бј,199,31,63,6,29,0.59,62,62
16,2018/3/17,2018/3/17,Бј,294,58,35,4,60,0.93,18,18
17,2018/3/18,2018/3/18,Зб¶ИОЫИҫ,135,337,102,21,2,54,1.02,41
18,2018/3/19,2018/3/19,Зб¶ИОЫИҫ,101,289,,29,3,45,0.78,51
19,2018/3/20,2018/3/20,УЕ,92,22,39,3,32,0.48,61,61
20,2018/3/21,2018/3/21,Бј,298,56,79,8,53,0.84,,38
21,2018/3/22,2018/3/22,Зб¶ИОЫИҫ,114,329,85,103,7,65,0.96,47
22,2018/3/23,2018/3/23,Зб¶ИОЫИҫ,146,332,110,137,10,86,1.36,31
23,2018/3/24,2018/3/24,Зб¶ИОЫИҫ,117,302,85,84,9,60,1.12,63
24,2018/3/25,2018/3/25,Бј,159,53,91,6,56,0.63,70,70
25,2018/3/26,2018/3/26,ЦР¶ИОЫИҫ,155,348,117,141,11,70,0.99,78
25,2018/3/26,2018/3/26,ЦР¶ИОЫИҫ,155,348,117,141,11,70,0.99,78
26,2018/3/27,2018/3/27,ЦШ¶ИОЫИҫ,,363,194,195,11,98,1.37,64
27,2018/3/28,2018/3/28,СПЦШОЫИҫ,388,361,154,858,5,52,0.89,56
28,2018/3/29,2018/3/29,Зб¶ИОЫИҫ,115,295,44,178,12,45,0.86,51
29,2018/3/30,2018/3/30,Бј,139,39,81,7,50,0.59,60,60
30,2018/3/31,2018/3/31,Зб¶ИОЫИҫ,128,320,96,148,12,80,1.05,56
0,2018/4/1,2018/4/1,ЦШ¶ИОЫИҫ,221,361,173,209,14,78,1.51,102
1,2018/4/2,2018/4/2,СПЦШОЫИҫ,283,362,229,211,10,61,1.82,104
2,2018/4/3,2018/4/3,Бј,182,12,98,2,,0.28,75,75
3,2018/4/4,2018/4/4,УЕ,1,21,20,,30,0.44,36,36
4,2018/4/5,2018/4/5,Бј,293,48,70,2,28,0.59,33,33
5,2018/4/5,2018/4/5,Бј,293,48,70,2,28,0.59,33,33
6,2018/4/6,2018/4/6,Бј,186,16,89,1,,0.26,86,86
7,2018/4/7,2018/4/7,Бј,47,15,43,3,18,0.31,86,86
8,2018/4/8,2018/4/8,Бј,117,38,,5,47,0.56,55,55
9,2018/4/9,2018/4/9,Зб¶ИОЫИҫ,,323,83,121,20,62,1.36,65
10,2018/4/10,2018/4/10,Бј,243,53,,7,39,0.87,60,60
11,2018/4/11,2018/4/11,УЕ,36,17,53,3,33,0.32,66,66
12,2018/4/12,2018/4/12,Бј,240,30,106,8,38,,64,64
13,2018/4/13,2018/4/13,Бј,267,37,59,8,54,1.18,34,34
14,2018/4/14,2018/4/14,Зб¶ИОЫИҫ,122,321,28,171,1,12,0.3,82
15,2018/4/15,2018/4/15,Бј,171,22,84,3,27,0.33,74,74
16,2018/4/16,2018/4/16,Зб¶ИОЫИҫ,104,256,68,151,9,48,0.66,80
17,2018/4/17,2018/4/17,Зб¶ИОЫИҫ,142,350,97,217,,40,0.81,100
18,2018/4/18,2018/4/18,Зб¶ИОЫИҫ,144,354,107,208,,45,0.86,93
19,2018/4/19,2018/4/19,ЦР¶ИОЫИҫ,170,361,123,192,8,52,,116
20,2018/4/20,2018/4/20,ЦР¶ИОЫИҫ,173,360,123,157,13,41,1.4,145
21,2018/4/21,2018/4/21,Зб¶ИОЫИҫ,102,350,72,49,3,36,1.03,67
22,2018/4/22,2018/4/22,УЕ,12,9,18,,18,0.38,67,67
23,2018/4/23,2018/4/23,УЕ,67,15,32,2,24,0.41,76,76
24,2018/4/24,2018/4/24,УЕ,109,17,36,3,36,0.42,68,68
25,2018/4/25,2018/4/25,Бј,138,30,62,3,43,0.46,81,81
26,2018/4/26,2018/4/26,Зб¶ИОЫИҫ,118,345,88,110,7,49,0.76,94
27,2018/4/27,2018/4/27,Зб¶ИОЫИҫ,111,326,41,169,3,,0.58,87
28,2018/4/28,2018/4/28,Зб¶ИОЫИҫ,129,330,86,165,9,53,0.76,112
29,2018/4/29,2018/4/29,ЦР¶ИОЫИҫ,196,355,,175,7,61,1.07,103
30,2018/4/30,2018/4/30,Бј,149,28,69,4,23,0.65,85,85
0,2018/5/1,2018/5/1,Зб¶ИОЫИҫ,125,344,40,176,2,28,0.46,57
1,2018/5/2,2018/5/2,УЕ,47,15,43,2,22,0.28,70,70
2,2018/5/3,2018/5/3,УЕ,59,13,51,2,25,0.26,79,79
3,2018/5/4,2018/5/4,Бј,287,57,108,7,53,0.59,89,89
4,2018/5/5,2018/5/5,ЦР¶ИОЫИҫ,179,360,78,246,4,45,,70
5,2018/5/6,2018/5/6,Зб¶ИОЫИҫ,121,360,59,190,3,40,0.51,82
6,2018/5/7,2018/5/7,Зб¶ИОЫИҫ,102,340,55,137,8,34,0.76,115
7,2018/5/8,2018/5/8,Бј ,220,27,76,4,39,0.49,81,81
8,2018/5/9,2018/5/9,Бј,267,43,96,7,46,0.63,100,100
9,2018/5/10,2018/5/10,Зб¶ИОЫИҫ,122,356,,138,11,60,1.03,119
10,2018/5/11,2018/5/11,Зб¶ИОЫИҫ,105,352,,107,5,50,0.84,86
11,2018/5/12,2018/5/12,ЦР¶ИОЫИҫ,190,362,139,,3,43,1.51,80
12,2018/5/13,2018/5/13,Бј,175,,78,5,38,0.58,96,96
13,2018/5/14,2018/5/14,ЦР¶ИОЫИҫ,168,364,118,150,6,43,1.21,137
14,2018/5/15,2018/5/15,Бј,303,67,102,4,39,1.02,101,101
15,2018/5/16,2018/5/16,Зб¶ИОЫИҫ,147,353,111,75,4,36,1.81,93
16,2018/5/17,2018/5/17,Бј,226,43,52,2,27,0.95,60,60
17,2018/5/18,2018/5/18,Бј,153,21,47,3,25,0.53,108,108
18,2018/5/19,2018/5/19,Бј,324,36,,4,41,0.74,100,100
19,2018/5/20,2018/5/20,Бј,256,36,45,2,28,0.77,89,89
20,2018/5/21,2018/5/21,Бј,339,60,25,2,36,1.02,35,35
21,2018/5/22,2018/5/22,Зб¶ИОЫИҫ,105,336,42,,1,24,0.4,63
22,2018/5/23,2018/5/23,Зб¶ИОЫИҫ,,357,56,231,4,39,0.47,77
23,2018/5/24,2018/5/24,Зб¶ИОЫИҫ,,321,49,129,7,49,0.74,118
24,2018/5/25,2018/5/25,Зб¶ИОЫИҫ,111,327,60,126,6,38,0.76,131
25,2018/5/26,2018/5/26,Зб¶ИОЫИҫ,140,306,99,167,3,35,0.81,87
26,2018/5/27,2018/5/27,Бј,254,42,125,2,31,0.35,83,83
27,2018/5/28,2018/5/28,ЦР¶ИОЫИҫ,188,359,64,256,2,22,0.24,67
28,2018/5/29,2018/5/29,УЕ,52,12,38,2,30,0.31,67,67
29,2018/5/30,2018/5/30,Бј,126,12,36,2,32,,94,94
30,2018/5/31,2018/5/31,Бј,302,26,66,5,42,0.56,130,130
0,2018/6/1,2018/6/1,Бј,252,26,66,2,44,0.47,130,130
1,2018/6/2,2018/6/2,Зб¶ИОЫИҫ,120,328,47,101,7,48,0.7,159
2,2018/6/3,2018/6/3,Бј,257,53,125,3,37,0.64,,105
3,2018/6/4,2018/6/4,Бј,240,28,86,2,38,,98,98
4,2018/6/5,2018/6/5,Зб¶ИОЫИҫ,110,327,38,117,6,44,0.55,135
5,2018/6/6,2018/6/6,Зб¶ИОЫИҫ,116,328,48,139,8,42,0.69,151
6,2018/6/7,2018/6/7,Бј,200,23,58,2,23,0.48,113,113
7,2018/6/8,2018/6/8,Бј,156,13,36,2,30,0.42,87,87
8,2018/6/9,2018/6/9,Бј,174,20,43,2,29,0.53,81,81
9,2018/6/10,2018/6/10,Бј,182,31,32,1,,0.67,103,103
10,2018/6/11,2018/6/11,Бј,295,63,61,1,,0.78,106,106
11,2018/6/12,2018/6/12,Зб¶ИОЫИҫ,125,357,,94,2,43,0.94,111
12,2018/6/13,2018/6/13,Бј,260,46,38,2,30,0.88,82,82
13,2018/6/14,2018/6/14,Бј,66,208,21,38,2,35,0.61,105
14,2018/6/15,2018/6/15,Зб¶ИОЫИҫ,130,362,80,46,4,28,1.41,128
15,2018/6/16,2018/6/16,Зб¶ИОЫИҫ,111,339,77,69,2,,0.94,124
16,2018/6/17,2018/6/17,Бј,255,45,59,2,27,0.77,121,121
17,2018/6/18,2018/6/18,Зб¶ИОЫИҫ,126,364,80,92,2,33,0.88,116
18,2018/6/19,2018/6/19,Бј,343,49,69,3,26,0.91,119,119
19,2018/6/20,2018/6/20,Бј,304,38,50,2,29,0.7,106,106
20,2018/6/21,2018/6/21,Бј,302,25,,5,33,0.71,133,133
21,2018/6/22,2018/6/22,Бј,309,56,87,6,49,1.05,106,106
22,2018/6/23,2018/6/23,Зб¶ИОЫИҫ,128,358,55,84,3,32,0.8,181
23,2018/6/24,2018/6/24,Зб¶ИОЫИҫ,121,347,54,94,3,32,0.75,170
24,2018/6/25,2018/6/25,Зб¶ИОЫИҫ,109,363,76,113,4,41,1.02,143
25,2018/6/26,2018/6/26,ЦР¶ИОЫИҫ,183,365,124,44,3,34,1.58,141
26,2018/6/27,2018/6/27,Бј,254,25,,2,32,0.49,73,73
27,2018/6/28,2018/6/28,УЕ,130,8,23,3,,0.3,79,79
28,2018/6/29,2018/6/29,Бј,258,17,56,2,41,0.45,92,92
29,2018/6/30,2018/6/30,Зб¶ИОЫИҫ,108,361,31,74,4,33,0.83,140
0,2018/7/1,2018/7/1,Бј,312,46,57,3,24,0.92,115,115
1,2018/7/2,2018/7/2,Бј,302,42,55,2,22,0.76,92,92
2,2018/7/3,2018/7/3,Бј,327,53,54,2,22,0.76,108,108
2,2018/7/3,2018/7/3,Бј,327,53,54,2,22,0.76,108,108
3,2018/7/4,2018/7/4,Зб¶ИОЫИҫ,112,360,,78,2,29,0.82,138
4,2018/7/5,2018/7/5,Зб¶ИОЫИҫ,,362,69,107,3,33,1.09,142
5,2018/7/6,2018/7/6,Бј,326,33,54,2,23,0.87,142,142
6,2018/7/7,2018/7/7,Бј,326,51,55,2,25,0.84,42,42
7,2018/7/8,2018/7/8,Бј,349,50,29,2,,0.83,91,91
8,2018/7/9,2018/7/9,Зб¶ИОЫИҫ,103,364,77,44,2,27,0.9,57
9,2018/7/10,2018/7/10,УЕ,241,32,34,2,20,0.69,63,63
10,2018/7/11,2018/7/11,УЕј¶,161,28,27,,32,0.61,47,47
11,2018/7/12,2018/7/12,УЕ,187,30,25,2,28,0.7,46,46
12,2018/7/13,2018/7/13,Бј,295,41,,2,36,0.82,,55
13,2018/7/14,2018/7/14,Бј,353,49,43,2,22,0.72,95,95
14,2018/7/15,2018/7/15,Бј ,355,,54,3,27,0.85,110,110
15,2018/7/16,2018/7/16,УЕ,181,26,29,,25,0.72,58,58
16,2018/7/17,2018/7/17,УЕ,30,17,,2,25,0.66,46,46
17,2018/7/18,2018/7/18,Зб¶ИОЫИҫ,105,362,78,58,2,24,1.22,67
18,2018/7/19,2018/7/19,Бј,351,67,63,4,31,0.92,,75
19,2018/7/20,2018/7/20,Зб¶ИОЫИҫ,114,364,,57,3,26,1.02,104
20,2018/7/21,2018/7/21,Зб¶ИОЫИҫ,107,361,68,81,3,20,,123
21,2018/7/22,2018/7/22,Бј,287,42,50,2,24,0.77,71,71
22,2018/7/23,2018/7/23,Бј,342,52,60,,22,0.88,81,81
23,2018/7/24,2018/7/24,УЕ,33,16,22,2,16,0.59,32,32
24,2018/7/25,2018/7/25,УЕ,71,9,16,2,16,0.47,71,71
25,2018/7/26,2018/7/26,УЕ,165,10,28,2,22,0.49,86,86
25,2018/7/26,2018/7/26,УЕ,165,10,28,2,22,0.49,86,86
26,2018/7/27,2018/7/27,Бј,318,45,56,2,21,1.05,102,102
27,2018/7/28,2018/7/28,Бј,344,53,66,2,19,1.04,128,128
28,2018/7/29,2018/7/29,Зб¶ИОЫИҫ,111,365,71,89,2,26,1.22,126
29,2018/7/30,2018/7/30,Зб¶ИОЫИҫ,116,365,71,87,2,26,,126
30,2018/7/31,2018/7/31,Зб¶ИОЫИҫ,118,366,61,83,3,28,1.05,135
0,2018/8/1,2018/8/1,Зб¶ИОЫИҫ,109,366,55,83,2,25,1.03,148
1,2018/8/2,2018/8/2,Зб¶ИОЫИҫ,130,366,83,102,4,23,1.49,139
2,2018/8/3,2018/8/3,Бј,349,53,81,2,26,0.97,123,123
3,2018/8/4,2018/8/4,Зб¶ИОЫИҫ,122,359,63,97,9,26,1.24,163
4,2018/8/5,2018/8/5,Бј,288,35,58,3,18,0.8,94,94
5,2018/8/6,2018/8/6,Бј,187,36,49,11,30,1.39,51,51
6,2018/8/7,2018/8/7,Бј,339,58,64,2,24,1.24,89,89
7,2018/8/8,2018/8/8,УЕ,97,19,22,3,18,0.89,63,63
8,2018/8/9,2018/8/9,Бј,259,24,35,1,25,0.92,98,98
9,2018/8/10,2018/8/10,Зб¶ИОЫИҫ,102,346,30,47,4,24,0.82,140
10,2018/8/11,2018/8/11,Бј,227,40,46,2,22,1.03,107,107
11,2018/8/12,2018/8/12,Бј,291,53,39,4,22,1.19,77,77
12,2018/8/13,2018/8/13,Бј,299,46,49,2,22,1.01,103,103
13,2018/8/14,2018/8/14,УЕ,169,22,30,,17,0.74,61,61
14,2018/8/15,2018/8/15,УЕ,119,12,27,1,21,0.5,66,66
15,2018/8/16,2018/8/16,Бј,294,12,29,4,20,0.42,100,100
16,2018/8/17,2018/8/17,Бј,359,32,63,2,30,0.63,152,152
17,2018/8/18,2018/8/18,УЕ,204,13,23,4,22,0.49,77,77
18,2018/8/19,2018/8/19,УЕ,129,20,36,,27,0.73,51,51
19,2018/8/20,2018/8/20,Бј,213,22,38,4,,0.7,87,87
20,2018/8/21,2018/8/21,УЕ,101,,32,,24,0.43,84,84
21,2018/8/22,2018/8/22,УЕ,133,17,47,4,39,0.63,43,43
22,2018/8/23,2018/8/23,Бј,132,15,40,,27,0.58,86,86
23,2018/8/25,2018/8/25,Бј,302,34,74,3,24,0.72,136,136
24,2018/8/27,2018/8/27,Зб¶ИОЫИҫ,114,351,59,83,5,29,1.02,147
25,2018/8/29,2018/8/29,УЕ,166,6,24,1,,0.41,91,91
26,2018/8/31,2018/8/31,Бј,303,14,,2,21,0.51,119,119
0,2018/9/2,2018/9/2,Бј,289,40,33,,,0.73,96,96
1,2018/9/3,2018/9/3,УЕ,179,16,15,6,14,0.41,59,59
2,2018/9/4,2018/9/4,УЕ,38,6,18,1,21,0.34,51,51
3,2018/9/5,2018/9/5,УЕ,84,10,30,3,28,0.41,65,65
4,2018/9/6,2018/9/6,УЕ,114,7,35,2,17,0.34,55,55
5,2018/9/7,2018/9/7,УЕ,20,4,17,2,,0.3,48,48
6,2018/9/8,2018/9/8,УЕ,38,6,22,2,24,0.33,46,46
7,2018/9/9,2018/9/9,Бј,230,22,54,4,38,0.52,61,61
8,2018/9/10,2018/9/10,Бј,292,41,72,5,49,0.89,65,65
9,2018/9/11,2018/9/11,Бј,316,,72,5,38,0.76,71,71
10,2018/9/12,2018/9/12,Бј,277,42,47,3,36,0.72,88,88
11,2018/9/13,2018/9/13,Зб¶ИОЫИҫ,109,363,79,100,4,47,0.93,91
12,2018/9/14,2018/9/14,Зб¶ИОЫИҫ,128,365,97,114,3,,1.04,86
13,2018/9/15,2018/9/15,УЕ,122,,25,1,19,0.38,51,51
14,2018/9/16,2018/9/16,УЕ,73,,24,2,28,0.34,49,49
15,2018/9/17,2018/9/17,УЕ,199,11,42,2,44,0.42,30,30
16,2018/9/18,2018/9/18,УЕ,250,18,52,2,45,0.53,32,32
17,2018/9/19,2018/9/19,Бј,259,,58,7,,0.68,,23
18,2018/9/20,2018/9/20,Бј,310,41,67,2,46,0.72,57,57
19,2018/9/21,2018/9/21,УЕ,183,16,,2,26,0.36,39,39
20,2018/9/22,2018/9/22,УЕ,20,5,26,1,16,0.25,48,48
21,2018/9/23,2018/9/23,УЕ,56,5,27,2,19,0.26,,39
22,2018/9/24,2018/9/24,УЕ,45,6,21,2,23,0.31,40,40
23,2018/9/25,2018/9/25,УЕ,203,21,48,3,29,0.6,61,61
24,2018/9/26,2018/9/26,Бј,264,32,54,2,38,,49,49
25,2018/9/27,2018/9/27,Бј,85,347,62,80,4,56,0.89,33
26,2018/9/28,2018/9/28,Бј,334,52,22,2,,0.75,37,37
27,2018/9/29,2018/9/29,УЕ,3,6,13,4,21,,37,37
28,2018/9/30,2018/9/30,УЕ,9,5,18,2,19,0.3,37,37
0,2018/10/1,2018/10/1,УЕ,36,7,19,3,17,0.3,59,59
1,2018/10/2,2018/10/2,УЕ,26,10,27,2,31,0.4,45,45
2,2018/10/3,2018/10/3,УЕ,41,11,32,3,38,0.44,44,44
3,2018/10/4,2018/10/4,Бј,200,41,70,7,51,0.96,69,69
4,2018/10/5,2018/10/5,Зб¶ИОЫИҫ,105,346,78,94,7,52,1.2,66
5,2018/10/6,2018/10/6,УЕ,24,9,22,2,17,0.3,54,54
6,2018/10/7,2018/10/7,УЕ,38,9,34,2,35,0.34,34,34
7,2018/10/8,2018/10/8,УЕ,68,9,34,2,33,0.36,42,42
8,2018/10/9,2018/10/9,УЕ,12,3,,2,12,0.22,43,43
9,2018/10/10,2018/10/10,УЕ,23,5,22,2,23,0.3,31,31
10,2018/10/11,2018/10/11,УЕ,45,9,29,2,32,0.32,33,33
11,2018/10/12,2018/10/12,Бј,226,33,71,3,54,0.56,33,33
12,2018/10/13,2018/10/13,Зб¶ИОЫИҫ,107,355,80,103,6,69,0.97,44
13,2018/10/14,2018/10/14,ЦР¶ИОЫИҫ,179,366,136,147,4,73,1.22,52
14,2018/10/15,2018/10/15,ЦР¶ИОЫИҫ,200,365,152,122,4,67,1.41,33
15,2018/10/16,2018/10/16,Бј,302,60,21,2,34,0.86,45,45
16,2018/10/17,2018/10/17,Бј,197,32,38,2,39,0.65,28,28
17,2018/10/18,2018/10/18,УЕ,177,28,48,2,49,0.57,32,32
18,2018/10/19,2018/10/19,Бј,264,41,56,3,54,0.64,40,40
19,2018/10/20,2018/10/20,Бј,327,63,77,4,64,0.82,39,39
20,2018/10/21,2018/10/21,Зб¶ИОЫИҫ,144,355,108,118,6,80,1.27,26
21,2018/10/22,2018/10/22,ЦР¶ИОЫИҫ,168,366,121,86,4,58,1.21,33
22,2018/10/23,2018/10/23,УЕ,78,13,40,2,31,0.36,34,34
23,2018/10/24,2018/10/24,Бј,225,40,88,3,61,,20,20
24,2018/10/25,2018/10/25,Зб¶ИОЫИҫ,112,332,80,118,7,72,1.37,16
25,2018/10/26,2018/10/26,УЕ,92,4,46,2,9,0.21,52,52
26,2018/10/27,2018/10/27,УЕ,48,9,31,3,24,0.28,42,42
27,2018/10/28,2018/10/28,УЕ,66,4,27,2,9,0.2,65,65
28,2018/10/29,2018/10/29,УЕ,12,4,18,2,18,0.25,46,46
29,2018/10/30,2018/10/30,УЕ,44,10,31,2,36,0.42,32,32
30,2018/10/31,2018/10/31,УЕ,88,21,51,4,46,0.73,,21
0,2018/11/1,2018/11/1,Бј,219,43,71,5,59,0.94,23,23
1,2018/11/2,2018/11/2,ЦР¶ИОЫИҫ,151,361,113,130,7,92,,17
2,2018/11/3,2018/11/3,ЦШ¶ИОЫИҫ,210,365,-99,157,7,87,1.68,34
3,2018/11/4,2018/11/4,Зб¶ИОЫИҫ,107,342,,57,2,48,,17
4,2018/11/5,2018/11/5,УЕ,23,18,26,2,35,0.45,17,17
5,2018/11/6,2018/11/6,УЕ,87,14,32,2,38,0.48,19,19
6,2018/11/7,2018/11/7,Бј,246,26,53,3,,0.69,10,10
7,2018/11/8,2018/11/8,Бј,341,66,98,6,70,1.1,6,6
8,2018/11/9,2018/11/9,Бј,243,34,63,3,40,0.66,32,32
9,2018/11/10,2018/11/10,УЕ,44,12,37,2,36,0.38,24,24
9,2018/11/10,2018/11/10,УЕ,44,12,37,2,36,0.38,24,24
10,2018/11/11,2018/11/11,Бј,231,44,78,4,54,0.73,22,22
11,2018/11/12,2018/11/12,Зб¶ИОЫИҫ,126,330,94,117,5,71,1.15,15
12,2018/11/13,2018/11/13,ЦШ¶ИОЫИҫ,222,363,175,110,5,78,1.69,15
13,2018/11/14,2018/11/14,СПЦШОЫИҫ,274,367,223,51,4,75,2.24,15
14,2018/11/15,2018/11/15,Бј,296,65,17,2,32,0.87,30,30
15,2018/11/16,2018/11/16,УЕ,92,12,27,3,27,0.38,37,37
16,2018/11/17,2018/11/17,Бј,311,41,77,6,58,0.79,10,10
17,2018/11/18,2018/11/18,Бј,269,31,78,5,40,0.68,30,30
18,2018/11/19,2018/11/19,Бј,271,43,93,9,62,1.01,10,10
19,2018/11/20,2018/11/20,Бј,239,39,85,7,,0.83,,23
20,2018/11/21,2018/11/21,УЕ,127,19,47,3,30,0.49,33,33
21,2018/11/22,2018/11/22,Бј,164,26,61,6,47,0.7,18,18
22,2018/11/23,2018/11/23,Бј,286,67,103,12,61,1.38,6,6
23,2018/11/24,2018/11/24,Зб¶ИОЫИҫ,118,289,87,107,9,59,1.18,21
24,2018/11/25,2018/11/25,Зб¶ИОЫИҫ,117,248,87,113,7,69,1.3,11
25,2018/11/26,2018/11/26,СПЦШОЫИҫ,252,321,204,233,,101,2.25,6
26,2018/11/27,2018/11/27,ЦР¶ИОЫИҫ,192,287,56,282,2,,0.51,40
27,2018/11/28,2018/11/28,Зб¶ИОЫИҫ,115,226,54,179,14,65,,7
28,2018/11/29,2018/11/29,Зб¶ИОЫИҫ,104,229,56,156,13,,1.51,8
29,2018/11/30,2018/11/30,Зб¶ИОЫИҫ,120,239,87,177,11,80,1.89,7
0,2018/12/1,2018/12/1,ЦР¶ИОЫИҫ,165,284,126,199,9,81,,12
1,2018/12/2,2018/12/2,ЦШ¶ИОЫИҫ,233,319,182,242,7,86,2.58,3
2,2018/12/3,2018/12/3,ЦР¶ИОЫИҫ,193,318,66,266,2,21,0.52,45
3,2018/12/4,2018/12/4,Бј,197,15,71,2,22,0.36,38,38
4,2018/12/5,2018/12/5,Бј,252,36,98,8,56,1.01,5,5
5,2018/12/6,2018/12/6,УЕ,107,9,38,2,15,0.36,46,46
6,2018/12/7,2018/12/7,УЕ,132,5,36,2,,0.32,,49
7,2018/12/8,2018/12/8,УЕ,156,8,35,3,19,0.32,47,47
8,2018/12/9,2018/12/9,Бј,221,38,69,8,55,0.86,13,13
9,2018/12/10,2018/12/10,Бј,244,56,88,,63,1.1,8,8
10,2018/12/11,2018/12/11,Бј,151,22,55,6,31,0.57,32,32
11,2018/12/12,2018/12/12,Бј,104,27,59,7,52,0.76,17,17
12,2018/12/13,2018/12/13,УЕ,52,13,41,4,35,0.48,34,34
13,2018/12/14,2018/12/14,Бј,71,153,45,73,9,62,0.93,12
14,2018/12/15,2018/12/15,Зб¶ИОЫИҫ,118,289,88,115,13,82,1.51,6
15,2018/12/16,2018/12/16,Зб¶ИОЫИҫ,101,220,66,108,7,58,,29
16,2018/12/17,2018/12/17,Бј,82,26,57,5,44,0.62,36,36
17,2018/12/18,2018/12/18,Бј,68,26,56,5,48,0.74,26,26
18,2018/12/19,2018/12/19,Бј ,89,31,69,7,58,0.94,12,12
19,2018/12/20,2018/12/20,Бј,187,53,93,9,71,1.17,5,5
20,2018/12/21,2018/12/21,Бј,240,60,109,11,58,1.24,25,25
21,2018/12/28,2018/12/28,УЕ,124,8,41,4,15,0.36,42,42
22,2018/12/29,2018/12/29,УЕ,33,,27,4,24,0.43,38,38
23,2018/12/30,2018/12/30,УЕ,25,13,30,4,34,0.49,27,27
24,2018/12/31,2018/12/31,Бј,159,36,60,8,53,0.91,10,10
0,2019/1/1,2019/1/1,Бј,128,35,52,8,42,0.82,22,22
1,2019/1/2,2019/1/2,Бј,147,45,61,10,50,0.94,19,19
2,2019/1/3,2019/1/3,ЦР¶ИОЫИҫ,163,292,123,137,20,79,1.85,6
3,2019/1/4,2019/1/4,УЕ,106,22,44,5,27,0.54,46,46
4,2019/1/5,2019/1/5,УЕ,42,13,30,7,33,0.51,35,35
5,2019/1/6,2019/1/6,Бј,196,60,,11,67,1.2,8,8
6,2019/1/7,2019/1/7,Бј,114,34,56,8,,0.8,30,30
7,2019/1/8,2019/1/8,УЕ,50,9,27,3,24,0.39,45,45
8,2019/1/9,2019/1/9,Бј,176,37,63,10,55,0.83,15,15
9,2019/1/10,2019/1/10,Зб¶ИОЫИҫ,104,267,,112,13,76,1.47,7
10,2019/1/11,2019/1/11,Зб¶ИОЫИҫ,136,266,103,129,15,78,1.71,9
11,2019/1/12,2019/1/12,ЦШ¶ИОЫИҫ,241,333,199,215,13,97,2.47,7
12,2019/1/13,2019/1/13,ЦР¶ИОЫИҫ,159,272,130,139,5,60,1.56,28
13,2019/1/14,2019/1/14,ЦР¶ИОЫИҫ,154,255,106,142,7,71,1.57,19
14,2019/1/15,2019/1/15,Бј,124,,,3,15,0.36,49,49
15,2019/1/16,2019/1/16,Бј,160,35,68,9,,,17,17
16,2019/1/17,2019/1/17,Бј,135,42,74,12,,1.01,15,15
17,2019/1/18,2019/1/18,Бј,190,63,105,,72,1.39,10,10
18,2019/1/19,2019/1/19,УЕ,22,11,33,5,23,0.4,45,45
19,2019/1/20,2019/1/20,УЕ,23,9,31,2,19,0.34,54,54
20,2019/1/21,2019/1/21,Бј,97,22,59,6,41,0.57,35,35
21,2019/1/22,2019/1/22,Бј,78,26,69,6,48,0.76,28,28
22,2019/1/23,2019/1/23,УЕ,47,22,51,5,44,0.66,31,31
23,2019/1/24,2019/1/24,Бј,139,58,75,10,50,1.15,22,22
24,2019/1/25,2019/1/25,УЕ,18,11,34,3,20,0.41,48,48
25,2019/1/26,2019/1/26,УЕ,11,21,35,4,31,0.55,37,37
26,2019/1/27,2019/1/27,Бј,224,50,102,9,44,0.88,,29
27,2019/1/28,2019/1/28,Бј,70,29,54,5,29,0.55,46,46
28,2019/1/29,2019/1/29,Зб¶ИОЫИҫ,135,290,102,134,15,71,1.42,13
29,2019/1/30,2019/1/30,Бј,162,31,,,24,0.6,48,48
30,2019/1/31,2019/1/31,УЕ,15,11,22,4,16,0.43,49,49
0,2019/2/1,2019/2/1,Бј,152,40,81,6,45,0.89,27,27
1,2019/2/2,2019/2/2,Зб¶ИОЫИҫ,138,333,103,134,7,53,1.39,17
1,2019/2/2,2019/2/2,Зб¶ИОЫИҫ,138,333,103,134,7,53,1.39,17
2,2019/2/3,2019/2/3,Зб¶ИОЫИҫ,115,271,43,159,2,14,0.45,57
3,2019/2/4,2019/2/4,Бј,172,41,99,5,24,0.8,43,43
4,2019/2/5,2019/2/5,ЦР¶ИОЫИҫ,153,253,97,221,9,25,0.88,35
5,2019/2/6,2019/2/6,Бј,196,55,110,13,22,1.12,39,39
6,2019/2/7,2019/2/7,УЕ,50,7,28,2,8,0.32,,61
7,2019/2/8,2019/2/8,УЕ,181,24,44,5,18,0.45,52,52
8,2019/2/9,2019/2/9,УЕ,56,8,19,3,11,0.33,56,56
9,2019/2/10,2019/2/10,УЕ,116,24,34,5,21,0.5,41,41
10,2019/2/11,2019/2/11,Бј,163,36,51,7,28,0.72,39,39
11,2019/2/12,2019/2/12,УЕ,132,28,51,6,23,0.75,39,39
12,2019/2/13,2019/2/13,УЕ,77,21,31,2,21,0.54,44,44
13,2019/2/14,2019/2/14,Бј,237,50,45,4,30,0.9,31,31
14,2019/2/15,2019/2/15,УЕ,83,10,18,2,9,0.32,61,61
15,2019/2/16,2019/2/16,УЕ,56,7,18,2,11,,63,63
16,2019/2/17,2019/2/17,УЕ,60,12,21,3,21,0.41,55,55
17,2019/2/18,2019/2/18,УЕ,139,28,38,6,44,0.69,32,32
18,2019/2/19,2019/2/19,Зб¶ИОЫИҫ,115,273,86,44,4,36,,42
19,2019/2/20,2019/2/20,Бј,118,38,38,,28,,59,59
20,2019/2/21,2019/2/21,Зб¶ИОЫИҫ,120,257,90,64,5,49,1.1,45
21,2019/2/22,2019/2/22,Зб¶ИОЫИҫ,131,283,100,55,5,57,1.28,32
22,2019/2/23,2019/2/23,ЦР¶ИОЫИҫ,168,310,128,36,8,63,1.55,47
23,2019/2/24,2019/2/24,Зб¶ИОЫИҫ,110,243,80,14,4,46,0.96,48
24,2019/2/25,2019/2/25,Бј,178,49,63,8,46,0.94,39,39
25,2019/2/26,2019/2/26,Бј,177,50,77,9,56,0.91,27,27
26,2019/2/27,2019/2/27,Зб¶ИОЫИҫ,118,284,89,99,7,57,,43
27,2019/2/28,2019/2/28,Зб¶ИОЫИҫ,106,270,75,104,6,51,0.9,50
0,2019/3/1,2019/3/1,Зб¶ИОЫИҫ,150,313,114,131,8,58,1.12,57
1,2019/3/2,2019/3/2,ЦШ¶ИОЫИҫ,235,358,185,122,8,66,1.41,71
2,2019/3/3,2019/3/3,ЦШ¶ИОЫИҫ,212,353,161,132,9,,1.35,67
3,2019/3/4,2019/3/4,Зб¶ИОЫИҫ,141,309,106,69,5,51,1.04,59
4,2019/3/5,2019/3/5,Зб¶ИОЫИҫ,126,287,85,81,4,42,0.91,54
5,2019/3/6,2019/3/6,УЕ,73,7,19,1,14,0.29,71,71
6,2019/3/7,2019/3/7,УЕј¶,69,17,36,3,34,0.45,52,52
7,2019/3/8,2019/3/8,Бј,287,56,100,8,55,0.74,44,44
8,2019/3/9,2019/3/9,Зб¶ИОЫИҫ,111,346,83,121,8,,0.82,39
9,2019/3/10,2019/3/10,Зб¶ИОЫИҫ,,354,109,66,4,52,0.97,41
10,2019/3/11,2019/3/11,Бј,85,24,24,2,,0.46,53,53
11,2019/3/12,2019/3/12,УЕ,8,4,25,1,9,0.25,69,69
12,2019/3/13,2019/3/13,УЕ,5,7,29,1,20,0.3,58,58
13,2019/3/14,2019/3/14,УЕ,23,6,38,2,21,0.3,58,58
14,2019/3/15,2019/3/15,УЕ,108,9,48,1,14,0.25,70,70
15,2019/3/16,2019/3/16,Бј,122,22,63,3,36,0.49,42,42
16,2019/3/17,2019/3/17,Бј,239,46,,6,48,0.67,53,53
17,2019/3/18,2019/3/18,Зб¶ИОЫИҫ,130,354,98,140,9,69,0.84,57
18,2019/3/19,2019/3/19,ЦР¶ИОЫИҫ,168,356,126,,8,74,0.98,70
19,2019/3/20,2019/3/20,Бј,303,65,100,5,38,0.66,62,62
20,2019/3/21,2019/3/21,УЕ,31,5,25,,8,0.26,70,70
21,2019/3/22,2019/3/22,УЕ,40,7,30,1,17,0.25,59,59
22,2019/3/23,2019/3/23,УЕ,119,10,,2,11,0.26,72,72
23,2019/3/24,2019/3/24,Бј,222,34,83,5,40,0.43,,45
24,2019/3/25,2019/3/25,Бј,54,131,22,61,2,37,0.45,54
25,2019/3/26,2019/3/26,Бј,275,43,115,9,42,0.76,55,55
26,2019/3/27,2019/3/27,Зб¶ИОЫИҫ,103,321,,133,6,51,0.96,47
27,2019/3/28,2019/3/28,Бј,175,24,67,6,27,0.55,53,53
28,2019/3/29,2019/3/29,Бј,240,,92,3,30,0.41,47,47
29,2019/3/30,2019/3/30,УЕ,9,4,24,1,7,0.24,70,70
30,2019/3/31,2019/3/31,УЕ,8,8,29,1,23,0.32,54,54
0,2019/4/1,2019/4/1,УЕ,39,40,11,37,1,27,0.34,58
1,2019/4/2,2019/4/2,Бј,186,27,65,5,37,0.57,51,51
2,2019/4/3,2019/4/3,Бј,289,,86,7,47,0.69,72,72
3,2019/4/4,2019/4/4,Зб¶ИОЫИҫ,106,305,70,124,6,52,0.65,74
4,2019/4/5,2019/4/5,ЦШ¶ИОЫИҫ,210,354,38,282,3,22,0.32,66
5,2019/4/6,2019/4/6,Зб¶ИОЫИҫ,,343,39,222,5,33,0.53,57
6,2019/4/7,2019/4/7,Бј,233,39,101,7,38,0.59,64,64
7,2019/4/8,2019/4/8,Бј,62,167,31,74,11,34,0.88,55
8,2019/4/9,2019/4/9,УЕ,34,22,30,2,20,,57,57
9,2019/4/10,2019/4/10,УЕ,110,24,,2,25,0.38,62,62
10,2019/4/11,2019/4/11,Бј,272,45,63,1,36,0.43,63,63
11,2019/4/12,2019/4/12,Бј,279,59,81,3,38,,66,66
12,2019/4/13,2019/4/13,Зб¶ИОЫИҫ,118,336,82,95,3,36,0.57,63
13,2019/4/14,2019/4/14,Бј,177,16,62,1,22,0.28,,77
14,2019/4/15,2019/4/15,Бј,303,43,95,5,40,0.45,65,65
15,2019/4/16,2019/4/16,Бј,337,68,,6,34,0.54,100,100
16,2019/4/17,2019/4/17,Зб¶ИОЫИҫ,141,348,106,134,8,51,0.97,103
17,2019/4/18,2019/4/18,Зб¶ИОЫИҫ,124,338,40,162,2,19,0.4,84
20,2018/9/22,2018/9/22,УЕ,20,5,26,1,16,0.25,48,48
18,2019/4/19,2019/4/19,Бј,177,20,72,2,25,0.4,68,68
19,2019/4/20,2019/4/20,Бј,151,36,49,1,39,0.5,30,30
20,2019/4/21,2019/4/21,Зб¶ИОЫИҫ,112,340,59,163,4,,0.8,55
21,2019/4/22,2019/4/22,Зб¶ИОЫИҫ,127,349,92,136,3,41,0.88,100
22,2019/4/23,2019/4/23,Зб¶ИОЫИҫ,127,356,,100,1,28,0.72,68
23,2019/4/24,2019/4/24,Бј,201,45,35,1,26,0.6,39,39
24,2019/4/25,2019/4/25,УЕ,38,43,8,18,2,14,0.23,77
25,2019/4/26,2019/4/26,УЕ,78,18,28,2,16,0.28,84,84
26,2019/4/27,2019/4/27,Бј,209,37,39,2,25,0.41,57,57
27,2019/4/28,2019/4/28,Бј,276,46,24,2,22,0.47,61,61
28,2019/4/29,2019/4/29,Зб¶ИОЫИҫ,135,359,101,48,2,34,0.84,68
29,2019/4/30,2019/4/30,Бј,307,38,100,1,23,0.41,67,67
0,2019/5/1,2019/5/1,УЕ,64,12,36,2,25,0.26,71,71
1,2019/5/2,2019/5/2,Бј,129,22,57,2,35,0.34,82,82
2,2019/5/3,2019/5/3,Бј,287,50,91,6,42,0.57,97,97
3,2019/5/4,2019/5/4,Бј,321,49,86,6,27,0.5,,122
4,2019/5/5,2019/5/5,Бј,156,,54,1,14,0.24,81,81
5,2019/5/6,2019/5/6,УЕ,115,17,37,2,23,0.28,73,73
6,2019/5/7,2019/5/7,Бј,163,22,50,2,30,0.3,76,76
7,2019/5/8,2019/5/8,Бј,276,43,82,4,43,0.47,70,70
8,2019/5/9,2019/5/9,Бј,215,37,67,2,36,0.46,83,83
9,2019/5/10,2019/5/10,Бј,306,51,99,5,46,0.64,,97
10,2019/5/11,2019/5/11,Зб¶ИОЫИҫ,117,346,70,99,5,38,0.84,123
11,2019/5/12,2019/5/12,ЦР¶ИОЫИҫ,166,319,87,178,4,26,0.82,80
12,2019/5/13,2019/5/13,Бј,130,18,66,2,19,0.27,,72
13,2019/5/14,2019/5/14,Бј,248,52,116,6,44,0.6,92,92
14,2019/5/15,2019/5/15,Зб¶ИОЫИҫ,133,340,94,208,8,48,1.09,117
15,2019/5/16,2019/5/16,Зб¶ИОЫИҫ,111,320,68,138,3,36,0.74,121
16,2019/5/17,2019/5/17,Зб¶ИОЫИҫ,124,356,83,122,2,33,0.87,105
17,2019/5/18,2019/5/18,Бј,216,36,48,2,25,0.61,58,58
18,2019/5/19,2019/5/19,Бј ,228,30,67,2,14,0.34,,66
19,2019/5/20,2019/5/20,УЕ,111,12,46,1,15,0.25,73,73
20,2019/5/21,2019/5/21,УЕ,56,12,37,1,32,0.33,68,68
21,2019/5/22,2019/5/22,Бј,113,19,55,1,48,0.51,74,74
22,2019/5/23,2019/5/23,Зб¶ИОЫИҫ,105,313,26,68,3,43,0.58,152
22,2019/5/23,2019/5/23,Зб¶ИОЫИҫ,105,313,26,68,3,43,0.58,152
23,2019/5/24,2019/5/24,Бј,307,44,107,5,,,123,123
24,2019/5/25,2019/5/25,Зб¶ИОЫИҫ,115,332,47,111,5,40,0.67,144
25,2019/5/26,2019/5/26,Бј,269,36,62,3,24,0.83,75,75
26,2019/5/27,2019/5/27,УЕ,129,5,13,2,10,0.19,83,83
27,2019/5/28,2019/5/28,УЕ,150,11,33,,29,0.29,80,80
28,2019/5/29,2019/5/29,Бј,300,20,49,2,,0.38,120,120
29,2019/5/30,2019/5/30,Бј,258,19,53,3,22,0.36,94,94
30,2019/5/31,2019/5/31,УЕ,67,9,29,2,21,0.25,69,69
0,2019/6/1,2019/6/1,Бј,260,28,72,4,38,0.47,96,96
1,2019/6/2,2019/6/2,Бј,311,45,81,3,35,0.66,128,128
2,2019/6/3,2019/6/3,Бј,265,26,52,2,24,0.51,127,127
3,2019/6/4,2019/6/4,Бј,289,59,72,7,24,1.23,119,119
4,2019/6/5,2019/6/5,Бј,,282,45,61,2,30,0.89,89
5,2019/6/6,2019/6/6,Бј,338,51,49,1,38,0.86,69,69
6,2019/6/7,2019/6/7,Бј,338,58,41,1,19,0.69,119,119
7,2019/6/8,2019/6/8,Бј,276,34,50,1,20,0.45,94,94
8,2019/6/9,2019/6/9,УЕ,122,5,18,2,15,0.27,78,78
9,2019/6/10,2019/6/10,Бј,259,26,53,2,26,0.52,98,98
10,2019/6/11,2019/6/11,Бј,334,49,64,2,25,0.96,92,92
11,2019/6/14,2019/6/14,УЕ,225,,42,2,26,0.39,130,130
12,2019/6/15,2019/6/15,Бј,263,21,52,5,26,0.7,,108
13,2019/6/17,2019/6/17,Бј,329,49,49,2,30,0.87,75,75
14,2019/6/18,2019/6/18,Зб¶ИОЫИҫ,104,360,,64,2,29,0.81,147
15,2019/6/19,2019/6/19,Зб¶ИОЫИҫ,105,364,73,90,6,,1.21,166
16,2019/6/20,2019/6/20,Зб¶ИОЫИҫ,102,363,61,79,3,30,0.82,133
17,2019/6/25,2019/6/25,Зб¶ИОЫИҫ,118,360,46,99,6,29,0.8,169
18,2019/6/26,2019/6/26,Зб¶ИОЫИҫ,107,348,42,83,5,24,0.83,156
19,2019/6/27,2019/6/27,Зб¶ИОЫИҫ,105,348,47,76,4,26,0.81,142
20,2019/6/28,2019/6/28,Бј,317,-99,41,2,16,0.6,129,129
21,2019/6/29,2019/6/29,Бј,239,,31,1,15,0.37,95,95
22,2019/6/30,2019/6/30,УЕ,84,4,,2,11,,73,73
0,2019/7/1,2019/7/1,УЕ,116,8,27,1,23,0.29,76,76
1,2019/7/2,2019/7/2,Бј,286,22,63,2,31,0.59,109,109
2,2019/7/3,2019/7/3,Бј,260,21,37,2,25,0.51,120,120
3,2019/7/4,2019/7/4,Зб¶ИОЫИҫ,107,339,29,71,3,38,0.55,145
4,2019/7/5,2019/7/5,Бј,228,27,50,1,31,0.57,93,93
5,2019/7/6,2019/7/6,УЕ,26,7,14,2,14,0.31,46,46
6,2019/7/7,2019/7/7,УЕ,90,11,21,2,15,0.4,75,75
7,2019/7/12,2019/7/12,Бј,316,24,45,2,26,0.53,129,129
8,2019/7/13,2019/7/13,Бј,354,57,78,3,27,0.89,153,153
9,2019/7/14,2019/7/14,УЕ,218,,28,2,17,0.48,122,122
10,2019/7/15,2019/7/15,Бј,360,53,69,2,26,0.83,,146
11,2019/7/16,2019/7/16,Бј,297,37,51,3,27,0.8,102,102
12,2019/7/17,2019/7/17,Бј,319,43,36,2,25,0.68,50,50
13,2019/7/18,2019/7/18,Бј,359,65,63,2,25,0.93,107,107
14,2019/7/19,2019/7/19,Бј,345,,62,2,30,0.87,71,71
15,2019/7/20,2019/7/20,Бј,356,57,58,2,31,0.75,,51
16,2019/7/21,2019/7/21,Зб¶ИОЫИҫ,101,362,65,,2,26,0.8,114
17,2019/7/22,2019/7/22,Зб¶ИОЫИҫ,105,364,78,99,2,45,1.1,73
18,2019/7/23,2019/7/23,Бј,294,25,26,2,16,0.62,116,116
19,2019/7/24,2019/7/24,Бј,314,33,56,2,28,0.71,108,108
20,2019/7/25,2019/7/25,Бј,293,,,2,35,0.57,81,81
21,2019/7/26,2019/7/26,Бј,332,36,65,2,23,0.68,148,148
0,2019/8/6,2019/8/6,Бј,348,44,40,2,23,0.72,79,79
1,2019/8/7,2019/8/7,Бј,253,17,24,2,19,0.55,101,101
2,2019/8/8,2019/8/8,Бј,346,30,43,2,26,0.67,104,104
3,2019/8/9,2019/8/9,Бј,348,,51,999,21,0.7,87,87
4,2019/8/10,2019/8/10,УЕ,177,21,25,2,24,0.61,69,69
5,2019/8/11,2019/8/11,УЕ,71,14,23,1,21,0.55,29,29
6,2019/8/21,2019/8/21,УЕ,202,30,29,4,26,0.58,55,55
7,2019/8/22,2019/8/22,УЕ,90,13,31,2,33,0.55,42,42
8,2019/8/23,2019/8/23,УЕ,101,10,31,2,,0.55,39,39
9,2019/8/24,2019/8/24,УЕ,180,14,42,2,32,0.48,77,77
10,2019/8/25,2019/8/25,Бј,225,23,,2,29,0.62,90,90
11,2019/8/26,2019/8/26,Бј,363,74,88,2,38,,77,77
12,2019/8/27,2019/8/27,Бј,296,31,32,2,31,,54,54
13,2019/8/28,2019/8/28,УЕ,61,4,25,2,22,0.3,45,45
0,2019/9/1,2019/9/1,Бј,297,19,51,2,31,0.43,96,96
1,2019/9/2,2019/9/2,Бј,341,24,58,2,34,0.51,113,113
2,2019/9/3,2019/9/3,Бј,360,47,83,2,39,0.67,142,142
3,2019/9/4,2019/9/4,Бј,362,53,80,,39,0.76,120,120
4,2019/9/5,2019/9/5,Бј,355,44,71,2,33,0.65,129,129
5,2019/9/6,2019/9/6,Бј,347,47,82,2,39,,142,142
6,2019/9/7,2019/9/7,Бј,340,45,74,2,36,0.68,140,140
7,2019/9/8,2019/9/8,Бј,240,33,71,2,35,,121,121
8,2019/9/9,2019/9/9,Бј,354,66,95,999,31,1.36,132,132
9,2019/9/10,2019/9/10,УЕ,33,9,11,2,19,0.47,54,54
10,2019/9/11,2019/9/11,УЕ,99,15,26,4,32,0.75,26,26
11,2019/9/12,2019/9/12,УЕ,104,18,29,2,24,0.54,52,52
12,2019/9/13,2019/9/13,УЕ,192,22,23,2,21,0.51,46,46
13,2019/9/14,2019/9/14,УЕ,104,11,25,2,27,0.38,53,53
14,2019/9/15,2019/9/15,УЕ,278,26,52,,37,0.54,64,64
15,2019/9/16,2019/9/16,УЕ,201,17,43,3,28,0.53,66,66
16,2019/9/17,2019/9/17,Бј,262,29,60,2,,,72,72
17,2019/9/18,2019/9/18,УЕ,69,5,23,2,19,0.27,59,59
18,2019/9/19,2019/9/19,Бј,268,22,59,2,42,0.55,45,45
19,2019/9/20,2019/9/20,Бј,285,36,69,2,40,0.68,64,64
20,2019/9/21,2019/9/21,Бј,352,57,78,5,37,1.09,102,102
21,2019/9/22,2019/9/22,Зб¶ИОЫИҫ,108,365,78,73,4,29,1.27,117
22,2019/9/23,2019/9/23,Бј,179,30,40,2,35,0.65,72,72
23,2019/9/24,2019/9/24,УЕ,54,11,,2,29,0.4,67,67
24,2019/9/25,2019/9/25,Бј ,148,22,52,2,36,0.62,89,89
25,2019/9/26,2019/9/26,Бј,223,33,56,2,35,0.67,113,113
26,2019/9/27,2019/9/27,Бј,308,52,56,2,28,0.86,100,100
27,2019/9/28,2019/9/28,Бј,292,56,66,2,31,0.82,110,110
28,2019/9/29,2019/9/29,Бј,298,57,,2,31,0.82,117,117
29,2019/9/30,2019/9/30,Бј,350,71,96,3,33,0.93,96,96
0,2019/10/1,2019/10/1,Бј,282,51,80,3,23,0.76,94,94
1,2019/10/2,2019/10/2,Бј,286,,56,2,23,,110,110
2,2019/10/3,2019/10/3,Бј,330,56,75,2,23,0.78,128,128
3,2019/10/4,2019/10/4,УЕ,53,13,16,2,11,0.39,42,42
4,2019/10/5,2019/10/5,УЕ,11,6,6,,17,0.28,43,43
5,2019/10/6,2019/10/6,УЕ,144,21,29,1,36,0.39,22,22
6,2019/10/7,2019/10/7,Бј,278,39,27,,,0.56,31,31
7,2019/10/8,2019/10/8,УЕ,38,6,21,2,21,0.27,43,43
8,2019/10/9,2019/10/9,Бј,211,32,56,3,44,0.57,35,35
9,2019/10/10,2019/10/10,Бј,297,46,44,2,30,0.54,33,33
10,2019/10/11,2019/10/11,Бј,290,43,,4,44,,15,15
11,2019/10/12,2019/10/12,Бј,257,27,70,14,56,1.33,7,7
12,2019/10/13,2019/10/13,УЕ,186,23,53,4,45,0.98,8,8
13,2019/10/14,2019/10/14,УЕ,25,8,19,2,25,0.29,30,30
14,2019/10/15,2019/10/15,УЕ,84,15,31,2,38,0.42,21,21
15,2019/10/16,2019/10/16,УЕ,177,26,43,2,45,0.5,15,15
16,2019/10/17,2019/10/17,Бј,298,,53,2,51,0.8,2,2
17,2019/10/18,2019/10/18,Бј,291,58,44,1,42,0.8,23,23
18,2019/10/19,2019/10/19,ЦР¶ИОЫИҫ,160,358,121,84,2,57,1.21,16
19,2019/10/20,2019/10/20,Зб¶ИОЫИҫ,140,347,84,123,2,42,0.78,25
20,2019/10/21,2019/10/21,УЕ,94,,52,2,43,0.52,21,21
21,2019/10/22,2019/10/22,Бј,228,42,96,2,59,0.86,,20
22,2019/10/23,2019/10/23,Зб¶ИОЫИҫ,103,314,77,120,3,67,1.07,39
23,2019/10/24,2019/10/24,Бј,308,70,82,2,55,0.98,20,20
24,2019/10/25,2019/10/25,УЕ,48,7,18,2,22,0.3,38,38
25,2019/10/26,2019/10/26,УЕј¶,172,28,51,3,46,0.57,16,16
26,2019/10/27,2019/10/27,Бј,267,52,78,3,57,0.78,15,15
27,2019/10/28,2019/10/28,Зб¶ИОЫИҫ,131,303,28,172,2,21,0.33,44
28,2019/10/29,2019/10/29,Бј,195,30,81,3,52,0.6,19,19
29,2019/10/30,2019/10/30,Бј,199,53,114,,73,0.83,11,11
30,2019/10/31,2019/10/31,Бј,133,37,85,3,59,0.95,25,25
31,2019/10/31,2019/10/31,Бј,133,37,85,3,59,0.95,25,25
0,2019/11/1,2019/11/1,Бј,149,26,69,5,52,0.81,18,18
1,2019/11/2,2019/11/2,Бј,117,27,50,2,51,0.68,6,6
2,2019/11/3,2019/11/3,Бј,146,32,46,3,33,0.59,18,18
3,2019/11/4,2019/11/4,Бј,244,49,59,2,46,0.85,13,13
4,2019/11/5,2019/11/5,Бј,198,44,59,,43,0.79,20,20
5,2019/11/6,2019/11/6,Бј ,204,44,70,2,58,0.7,10,10
6,2019/11/7,2019/11/7,УЕ,120,25,50,2,38,0.52,25,25
7,2019/11/8,2019/11/8,Бј,187,37,72,3,,0.8,10,10
8,2019/11/9,2019/11/9,Зб¶ИОЫИҫ,111,287,80,93,2,65,1,8
9,2019/11/10,2019/11/10,Бј,230,36,86,2,,0.43,44,44
10,2019/11/11,2019/11/11,УЕ,83,16,51,2,41,0.48,25,25
11,2019/11/12,2019/11/12,Бј,231,51,93,5,74,0.92,,7
12,2019/11/13,2019/11/13,УЕ,146,9,59,2,13,0.23,,51
13,2019/11/14,2019/11/14,Бј,154,25,58,5,50,0.63,,12
14,2019/11/15,2019/11/15,Бј,176,35,78,6,52,0.92,9,9
15,2019/11/16,2019/11/16,Бј,166,47,80,8,52,1.29,6,6
16,2019/11/17,2019/11/17,Зб¶ИОЫИҫ,137,324,55,185,5,37,0.93,22
17,2019/11/18,2019/11/18,Бј,235,19,103,2,17,0.3,40,40
18,2019/11/19,2019/11/19,Бј,140,19,61,2,31,0.37,32,32
19,2019/11/20,2019/11/20,Бј,286,59,121,7,68,0.93,7,7
20,2019/11/21,2019/11/21,Зб¶ИОЫИҫ,,339,89,157,8,77,1.59,3
21,2019/11/22,2019/11/22,ЦР¶ИОЫИҫ,179,354,136,179,9,93,2.41,3
22,2019/11/23,2019/11/23,ЦР¶ИОЫИҫ,183,341,138,143,6,72,1.65,16
23,2019/11/24,2019/11/24,УЕ,62,7,31,2,11,0.23,51,51
24,2019/11/25,2019/11/25,УЕ,82,12,28,3,31,,20,20
25,2019/11/26,2019/11/26,Бј,252,,74,5,58,0.78,6,6
26,2019/11/27,2019/11/27,УЕ,39,,21,2,24,0.29,39,39
27,2019/11/28,2019/11/28,Бј,246,34,63,9,56,0.91,9,9
28,2019/11/29,2019/11/29,Бј,290,57,77,7,64,1.04,3,3
29,2019/11/30,2019/11/30,Бј,292,58,26,2,38,0.74,27,27
0,2019/12/1,2019/12/1,УЕ,40,11,29,4,17,0.34,52,52
1,2019/12/2,2019/12/2,УЕ,20,9,24,2,22,0.33,41,41
2,2019/12/3,2019/12/3,УЕ,71,15,44,,38,0.46,33,33
3,2019/12/4,2019/12/4,УЕ,42,12,31,3,35,0.44,38,38
4,2019/12/5,2019/12/5,УЕ,64,21,38,4,37,0.69,,27
5,2019/12/6,2019/12/6,Бј,227,48,65,4,57,0.87,9,9
6,2019/12/7,2019/12/7,Бј,71,182,51,68,4,61,0.89,11
7,2019/12/8,2019/12/8,ЦР¶ИОЫИҫ,181,321,,139,2,75,1.68,2
8,2019/12/9,2019/12/9,ЦШ¶ИОЫИҫ,231,347,181,180,2,87,2.03,3
9,2019/12/10,2019/12/10,Зб¶ИОЫИҫ,136,284,103,115,3,52,1.48,24
10,2019/12/11,2019/12/11,УЕ,8,6,15,2,22,0.31,39,39
11,2019/12/12,2019/12/12,УЕ,29,18,35,3,,0.57,20,20
12,2019/12/13,2019/12/13,УЕ,37,22,48,4,40,,26,26
13,2019/12/14,2019/12/14,УЕ,14,13,26,3,43,0.45,22,22
14,2019/12/15,2019/12/15,Бј,174,48,74,9,68,1.23,4,4
15,2019/12/16,2019/12/16,Бј,277,,51,2,66,1.3,1,1
16,2019/12/17,2019/12/17,УЕ,7,11,18,2,15,0.33,46,46
17,2019/12/18,2019/12/18,УЕ,33,18,26,2,36,0.48,25,25
18,2019/12/19,2019/12/19,УЕ,39,12,24,2,25,0.41,36,36
19,2019/12/20,2019/12/20,УЕ,60,18,32,3,46,0.57,16,16
20,2019/12/21,2019/12/21,Бј,191,44,58,5,61,0.88,8,8
21,2019/12/22,2019/12/22,Бј,232,62,77,6,68,,,7
22,2019/12/23,2019/12/23,Бј,173,47,57,5,41,,28,28
23,2019/12/24,2019/12/24,Зб¶ИОЫИҫ,109,275,82,76,4,55,1.33,8
24,2019/12/25,2019/12/25,Бј,238,61,59,3,39,0.98,25,25
25,2019/12/26,2019/12/26,УЕ,101,15,45,2,31,0.43,32,32
26,2019/12/27,2019/12/27,Бј,185,37,85,3,59,0.9,8,8
27,2019/12/28,2019/12/28,Зб¶ИОЫИҫ,102,278,75,117,9,71,,6
28,2019/12/29,2019/12/29,Зб¶ИОЫИҫ,128,305,93,114,5,58,1.52,22
29,2019/12/30,2019/12/30,УЕ,34,7,35,2,9,,49,49
30,2019/12/31,2019/12/31,УЕ,39,20,34,5,37,0.53,21,21
0,2020/1/1,2020/1/1,Бј,97,33,54,6,48,0.79,9,9
1,2020/1/2,2020/1/2,Бј,132,49,78,7,62,1.19,8,8
2,2020/1/3,2020/1/3,Бј,128,49,71,,63,1.19,13,13
3,2020/1/4,2020/1/4,Бј,100,42,66,7,58,1.07,19,19
4,2020/1/5,2020/1/5,Бј,186,,79,,65,1.39,5,5
5,2020/1/6,2020/1/6,Бј,238,,32,2,48,,15,15
6,2020/1/7,2020/1/7,УЕ,9,12,18,3,21,0.39,54,54
7,2020/1/8,2020/1/8,УЕ,17,15,23,3,29,0.43,45,45
8,2020/1/9,2020/1/9,УЕ,98,33,37,5,49,0.73,22,22
9,2020/1/10,2020/1/10,УЕ,99,28,35,5,36,0.64,38,38
10,2020/1/11,2020/1/11,УЕ,20,10,19,3,,0.36,45,45
11,2020/1/12,2020/1/12,УЕ,41,18,26,6,34,0.48,,31
12,2020/1/13,2020/1/13,УЕ,7,10,20,4,17,0.37,52,52
13,2020/1/14,2020/1/14,УЕ,16,16,24,3,30,0.41,40,40
14,2020/1/15,2020/1/15,Бј,141,46,55,6,56,0.88,12,12
15,2020/1/16,2020/1/16,Бј,171,43,49,6,48,0.93,28,28
16,2020/1/17,2020/1/17,Бј,216,67,75,11,65,1.43,12,12
17,2020/1/18,2020/1/18,ЦШ¶ИОЫИҫ,207,328,162,158,4,65,2.1,11
18,2020/1/19,2020/1/19,Бј,124,29,69,2,24,0.53,54,54
19,2020/1/20,2020/1/20,УЕ,21,8,26,,16,0.32,51,51
20,2020/1/21,2020/1/21,Бј,123,42,55,6,,0.84,23,23
21,2020/1/22,2020/1/22,Бј,199,60,64,7,47,1,21,21
22,2020/1/23,2020/1/23,Бј,190,54,61,5,37,,,39
23,2020/1/24,2020/1/24,Зб¶ИОЫИҫ,101,278,75,76,6,21,0.73,54
24,2020/1/25,2020/1/25,ЦР¶ИОЫИҫ,186,316,142,158,9,32,0.96,43
25,2020/1/26,2020/1/26,ЦР¶ИОЫИҫ,193,334,150,146,10,38,1.62,48
26,2020/1/27,2020/1/27,ЦШ¶ИОЫИҫ,209,354,160,138,10,37,1.83,55
27,2020/1/28,2020/1/28,ЦШ¶ИОЫИҫ,218,349,169,145,13,39,2.06,66
28,2020/1/29,2020/1/29,Зб¶ИОЫИҫ,101,285,76,55,7,27,1.13,57
29,2020/1/30,2020/1/30,Бј,189,46,47,5,27,0.8,52,52
30,2020/1/31,2020/1/31,Бј,156,-99,,4,27,0.79,51,51
0,2020/2/1,2020-02-01,УЕ,9,8,13,2,,0.25,65,65
1,2020/2/2,2020-02-02,УЕ,144,32,34,2,11,0.43,54,54
2,2020/2/3,2020-02-03,УЕ,60,16,26,2,,0.34,56,56
3,2020/2/4,2020-02-04,УЕ,39,11,18,2,12,0.29,54,54
4,2020/2/5,2020-02-05,УЕ,135,25,32,3,18,0.61,40,40
5,2020/2/6,2020-02-06,Бј ,261,41,36,3,23,,33,33
6,2020/2/7,2020-02-07,Бј,314,71,51,3,34,1.1,29,29
7,2020/2/8,2020-02-08,Бј,262,59,48,3,30,0.85,43,43
8,2020/2/9,2020-02-09,ЦР¶ИОЫИҫ,157,342,119,107,4,42,1.35,34
9,2020/2/10,2020-02-10,ЦР¶ИОЫИҫ,164,347,124,103,3,50,1.42,39
10,2020/2/11,2020-02-11,ЦШ¶ИОЫИҫ,229,365,180,,8,55,2.33,51
11,2020/2/12,2020-02-12,СПЦШОЫИҫ,255,366,205,144,4,48,2.32,64
12,2020/2/13,2020-02-13,ЦШ¶ИОЫИҫ,250,365,200,143,3,47,2.18,33
13,2020/2/14,2020-02-14,Бј,281,56,36,,18,0.91,43,43
14,2020/2/15,2020-02-15,УЕ,61,6,10,2,4,0.21,64,64
15,2020/2/16,2020-02-16,УЕ,58,,8,2,4,0.2,67,67
16,2020/2/17,2020-02-17,УЕ,25,6,13,1,,0.24,61,61
17,2020/2/18,2020-02-18,УЕ,18,16,22,2,32,0.48,35,35
18,2020/2/19,2020-02-19,Бј,285,,49,9,38,1.15,,39
19,2020/2/20,2020-02-20,Зб¶ИОЫИҫ,143,338,109,75,6,29,1.43,49
20,2020/2/21,2020-02-21,Зб¶ИОЫИҫ,130,337,85,99,2,22,0.91,42
21,2020/2/22,2020-02-22,УЕ,10,7,16,2,10,0.23,70,70
22,2020/2/23,2020-02-23,Бј,111,38,48,4,35,0.6,38,38
23,2020/2/24,2020-02-24,Бј,257,61,86,8,39,0.98,35,35
24,2020/2/25,2020-02-25,Бј,212,50,76,9,,0.89,51,51
25,2020/2/26,2020-02-26,Бј,156,36,46,5,22,0.55,54,54
22,2019/5/23,2019-05-23,Зб¶ИОЫИҫ,105,313,26,68,3,43,0.58,152
27,2020/2/28,2020-02-28,Бј,333,,49,,21,0.54,39,39
28,2020/2/29,2020-02-29,Зб¶ИОЫИҫ,118,352,88,60,2,31,,17
0,2020/3/1,2020/3/1,УЕ,130,23,21,2,19,0.88,43,43
1,2020/3/2,2020/3/2,УЕ,87,22,26,3,27,0.5,44,44
2,2020/3/3,2020/3/3,УЕ,106,16,21,2,9,0.32,66,66
3,2020/3/4,2020/3/4,УЕ,42,9,15,2,9,0.25,65,65
4,2020/3/5,2020/3/5,Бј,205,36,46,,26,0.48,49,49
5,2020/3/6,2020/3/6,Зб¶ИОЫИҫ,109,349,81,79,4,42,0.83,40
6,2020/3/7,2020/3/7,Бј,281,62,44,2,,0.66,63,63
7,2020/3/8,2020/3/8,Зб¶ИОЫИҫ,130,331,99,61,2,28,1,36
8,2020/3/9,2020/3/9,Бј,282,53,33,2,23,0.76,39,39
9,2020/3/10,2020/3/10,УЕ,85,10,30,2,15,0.28,56,56
10,2020/3/11,2020/3/11,УЕ,84,27,48,3,42,0.52,31,31
11,2020/3/12,2020/3/12,УЕ,82,21,42,2,25,0.42,52,52
12,2020/3/13,2020/3/13,УЕ,43,9,21,2,,0.3,67,67
13,2020/3/14,2020/3/14,УЕ,77,8,37,2,13,0.29,64,64
14,2020/3/15,2020/3/15,УЕ,35,6,31,2,11,0.24,71,71
15,2020/3/16,2020/3/16,Бј,198,24,70,2,21,0.38,57,57
16,2020/3/17,2020/3/17,Бј,131,30,60,2,34,0.47,54,54
17,2020/3/18,2020/3/18,Бј,320,39,123,4,36,0.47,48,48
18,2020/3/19,2020/3/19,УЕ,110,7,45,2,8,0.23,79,79
19,2020/3/20,2020/3/20,Бј,153,30,,3,37,0.41,47,47
20,2020/3/21,2020/3/21,Бј,229,26,92,8,,0.53,70,70
21,2020/3/22,2020/3/22,Бј,226,28,74,3,25,0.39,71,71
22,2020/3/23,2020/3/23,Бј,162,28,57,3,32,0.43,59,59
23,2020/3/24,2020/3/24,Бј,249,47,64,11,37,0.88,65,65
24,2020/3/25,2020/3/25,ЦР¶ИОЫИҫ,156,354,118,112,10,53,1.04,77
25,2020/3/26,2020/3/26,УЕј¶,51,10,24,2,9,0.25,72,72
26,2020/3/27,2020/3/27,УЕ,100,,21,2,8,,68,68
27,2020/3/28,2020/3/28,УЕ,122,8,24,,16,0.23,56,56
28,2020/3/29,2020/3/29,Бј,317,43,69,6,36,0.51,53,53
29,2020/3/30,2020/3/30,Бј,343,68,87,6,37,0.68,62,62
30,2020/3/31,2020/3/31,Бј,319,65,77,3,29,0.5,69,69
0,2020/4/1,2020/4/1,УЕ,60,8,19,2,10,0.19,,73
1,2020/4/2,2020/4/2,УЕ,75,15,31,2,20,0.3,56,56
2,2020/4/3,2020/4/3,УЕ,91,14,36,2,23,0.3,58,58
3,2020/4/4,2020/4/4,Зб¶ИОЫИҫ,101,325,22,151,,12,0.32,79
4,2020/4/5,2020/4/5,Бј,263,29,88,4,28,,61,61
5,2020/4/6,2020/4/6,Бј,324,60,,6,47,0.58,68,68
6,2020/4/7,2020/4/7,Бј,327,48,105,5,36,0.58,60,60
7,2020/4/8,2020/4/8,Бј,134,21,60,4,30,0.48,52,52
8,2020/4/9,2020/4/9,Бј,137,33,48,3,18,0.45,74,74
9,2020/4/10,2020/4/10,Бј,177,38,49,2,24,0.45,75,75
10,2020/4/11,2020/4/11,УЕ,132,21,,2,19,0.31,75,75
11,2020/4/12,2020/4/12,УЕ,133,16,50,2,12,0.24,86,86
12,2020/4/13,2020/4/13,Бј ,175,25,67,2,32,0.42,64,64
13,2020/4/14,2020/4/14,Бј,295,65,101,7,46,0.6,87,87
14,2020/4/15,2020/4/15,Бј,288,62,95,6,31,0.52,101,101
15,2020/4/16,2020/4/16,Бј,107,24,61,999,11,0.34,81,81
16,2020/4/17,2020/4/17,УЕ,56,22,40,2,13,0.43,104,104
17,2020/4/18,2020/4/18,УЕ,94,32,43,2,22,0.39,,98
18,2020/4/19,2020/4/19,Бј,227,40,55,2,22,,,100
19,2020/4/20,2020/4/20,УЕ,59,6,,2,5,,78,78
20,2020/4/21,2020/4/21,УЕ,71,6,30,2,4,0.13,67,67
21,2020/4/22,2020/4/22,УЕ,4,2,12,1,1,0.07,41,41
22,2020/4/23,2020/4/23,УЕ,65,6,20,2,8,0.16,73,73
23,2020/4/24,2020/4/24,Бј,362,17,124,,18,0.22,71,71
24,2020/4/25,2020/4/25,УЕ,159,10,58,2,,,88,88
25,2020/4/26,2020/4/26,УЕ,53,12,30,2,19,0.24,67,67
26,2020/4/27,2020/4/27,Бј,243,41,63,3,29,0.68,85,85
27,2020/4/28,2020/4/28,Бј,85,343,59,105,5,40,0.59,111
28,2020/4/29,2020/4/29,Бј,354,59,118,8,,0.63,145,145
29,2020/4/30,2020/4/30,Зб¶ИОЫИҫ,125,363,88,124,8,43,0.98,166
0,2020/5/1,2020/5/1,ЦР¶ИОЫИҫ,154,363,109,133,6,42,1.08,168
1,2020/5/2,2020/5/2,Бј,337,,83,3,20,0.61,138,138
2,2020/5/3,2020/5/3,Бј,281,57,63,4,25,1.11,71,71
3,2020/5/4,2020/5/4,Бј,191,,,4,26,0.77,33,33
4,2020/5/5,2020/5/5,Бј,322,46,48,2,28,0.56,48,48
5,2020/5/6,2020/5/6,Бј,361,72,65,3,30,0.72,100,100
6,2020/5/7,2020/5/7,Бј,359,72,68,8,34,1.27,76,76
7,2020/5/8,2020/5/8,Бј,327,41,21,2,19,1.01,68,68
8,2020/5/9,2020/5/9,УЕ,271,33,29,2,25,0.63,46,46
9,2020/5/10,2020/5/10,Бј,207,19,,2,17,0.4,51,51
10,2020/5/11,2020/5/11,Бј,352,17,117,2,9,0.2,76,76
11,2020/5/12,2020/5/12,Бј,337,17,125,,13,0.25,82,82
12,2020/5/13,2020/5/13,Зб¶ИОЫИҫ,117,362,39,184,3,33,0.49,90
13,2020/5/14,2020/5/14,Бј,324,36,94,4,24,0.53,,117
14,2020/5/15,2020/5/15,Бј,249,40,53,2,21,0.58,90,90
15,2020/5/16,2020/5/16,Бј,252,41,58,2,25,0.63,59,59
16,2020/5/17,2020/5/17,Бј,254,17,81,2,29,0.3,40,40
17,2020/5/18,2020/5/18,УЕ,116,10,45,2,12,0.2,62,62
18,2020/5/19,2020/5/19,УЕ,134,13,45,1,20,0.23,87,87
19,2020/5/20,2020/5/20,УЕ,153,18,43,3,19,0.4,116,116
20,2020/5/21,2020/5/21,Бј,353,69,66,5,25,1.26,97,97
21,2020/5/22,2020/5/22,Бј,308,45,35,2,19,0.82,87,87
21,2020/5/22,2020/5/22,Бј,308,45,35,2,19,0.82,87,87
22,2020/5/23,2020/5/23,УЕј¶,16,5,12,3,12,0.28,67,67
23,2020/5/24,2020/5/24,УЕ,56,8,19,2,18,0.29,82,82
24,2020/5/25,2020/5/25,УЕ,91,9,26,2,27,0.31,49,49
25,2020/5/26,2020/5/26,УЕ,81,9,18,2,17,0.24,75,75
26,2020/5/27,2020/5/27,УЕ,57,8,20,2,12,0.27,83,83
27,2020/5/28,2020/5/28,Бј,301,36,60,,32,0.68,105,105
28,2020/5/29,2020/5/29,Бј,337,57,81,9,29,1.22,137,137
29,2020/5/30,2020/5/30,Бј,355,55,76,5,22,0.95,118,118
30,2020/5/31,2020/5/31,УЕ,39,11,13,2,14,0.3,77,77
0,2020/6/1,2020/6/1,УЕ,217,18,55,3,30,0.4,81,81
1,2020/6/2,2020/6/2,Бј,266,22,69,2,25,0.35,96,96
2,2020/6/3,2020/6/3,Зб¶ИОЫИҫ,144,354,,221,2,31,0.34,83
3,2020/6/4,2020/6/4,УЕ,194,8,41,3,20,0.28,78,78
4,2020/6/5,2020/6/5,УЕ,219,11,38,3,17,0.49,104,104
5,2020/6/6,2020/6/6,Бј,281,21,55,5,25,0.63,119,119
6,2020/6/7,2020/6/7,Бј,330,30,88,5,34,0.67,143,143
7,2020/6/8,2020/6/8,Зб¶ИОЫИҫ,101,353,57,119,4,31,0.65,141
8,2020/6/9,2020/6/9,Бј,334,36,89,6,26,0.79,84,84
9,2020/6/10,2020/6/10,Бј,349,54,67,2,20,0.81,116,116
10,2020/6/11,2020/6/11,Бј,334,47,71,3,28,0.65,122,122
11,2020/6/12,2020/6/12,Бј,353,30,53,2,22,0.58,,150
12,2020/6/13,2020/6/13,Бј,358,52,89,3,26,0.75,131,131
13,2020/6/14,2020/6/14,УЕ,188,6,24,2,12,0.22,101,101
14,2020/6/15,2020/6/15,Бј,293,13,,2,26,0.33,112,112
15,2020/6/16,2020/6/16,Бј,362,34,107,11,30,,147,147
16,2020/6/17,2020/6/17,Бј,343,20,84,2,19,0.44,119,119
17,2020/6/18,2020/6/18,Бј,339,23,58,2,20,0.49,114,114
18,2020/6/19,2020-06-19,Бј,302,23,42,2,18,0.45,121,121
19,2020/6/20,2020/6/20,Бј,326,36,77,3,18,0.58,147,147
20,2020/6/21,2020/6/21,Бј,329,35,73,3,19,0.55,147,147
21,2020/6/22,2020/6/22,Бј,362,49,83,3,21,0.71,144,144
22,2020/6/23,2020/6/23,Бј,347,44,62,,,0.76,114,114
23,2020/6/24,2020/6/24,УЕ,167,19,28,2,14,0.45,,98
24,2020/6/25,2020/6/25,УЕј¶,250,32,34,2,19,0.6,87,87
25,2020/6/26,2020/6/26,УЕ,230,27,31,2,17,0.55,,100
26,2020/6/27,2020/6/27,Зб¶ИОЫИҫ,101,360,-99,65,2,21,0.85,137
27,2020/6/28,2020/6/28,Бј,362,57,54,2,17,0.88,137,137
28,2020/6/29,2020/6/29,УЕ,266,28,38,2,26,0.54,82,82
29,2020/6/30,2020/6/30,УЕ,187,15,25,2,16,0.38,103,103
0,2020/7/1,2020/7/1,Бј,324,24,52,2,26,0.5,125,125
1,2020/7/2,2020/7/2,УЕ,243,27,32,2,,,124,124
2,2020/7/3,2020/7/3,Бј,349,49,38,2,16,0.89,94,94
3,2020/7/4,2020/7/4,Бј,342,44,42,2,20,0.61,103,103
4,2020/7/5,2020/7/5,УЕ,229,22,29,2,19,0.46,92,92
5,2020/7/6,2020/7/6,УЕ,247,17,27,2,17,0.43,105,105
6,2020/7/7,2020/7/7,УЕ,164,13,24,2,19,0.34,85,85
7,2020/7/8,2020/7/8,Бј,314,30,47,4,21,0.65,114,114
7,2020/7/8,2020/7/8,Бј,314,30,47,4,21,0.65,114,114
8,2020/7/9,2020/7/9,УЕ,240,28,30,2,15,0.59,88,88
9,2020/7/10,2020/7/10,Бј,327,45,39,2,,0.7,75,75
10,2020/7/11,2020-07-11,Зб¶ИОЫИҫ,110,361,82,,2,22,1.05,69
11,2020/7/12,2020/7/12,Зб¶ИОЫИҫ,116,365,88,58,2,22,1.23,78
12,2020/7/13,2020/7/13,Бј,361,50,49,2,21,0.93,78,78
13,2020/7/14,2020/7/14,УЕ,275,31,43,2,19,0.65,97,97
14,2020/7/15,2020/7/15,Бј,293,30,43,2,19,0.54,110,110
15,2020/7/16,2020/7/16,Бј,334,47,,2,21,0.66,126,126
16,2020/7/17,2020-07-17,Бј,338,47,60,2,19,0.61,94,94
17,2020/7/18,2020/7/18,Бј,332,42,32,3,15,,76,76
18,2020/7/19,2020/7/19,УЕ,316,28,24,2,16,0.49,66,66
19,2020/7/20,2020/7/20,Бј,349,33,57,2,25,0.61,116,116
20,2020/7/21,2020/7/21,Бј,331,33,62,2,20,0.55,126,126
21,2020/7/22,2020/7/22,Бј,352,41,59,3,22,0.75,137,137
22,2020/7/23,2020-07-23,Бј,332,29,52,2,27,0.63,114,114
23,2020/7/24,2020/7/24,Бј,295,24,43,2,,0.54,125,125
24,2020/7/25,2020/7/25,Бј,320,26,62,2,35,0.58,115,115
25,2020/7/26,2020/7/26,УЕ,225,24,37,2,16,0.53,97,97
26,2020/7/27,2020/7/27,Бј,358,55,37,2,19,0.76,69,69
27,2020/7/28,2020/7/28,Бј,360,72,44,2,19,0.95,85,85
28,2020/7/29,2020/7/29,Бј,355,55,51,3,17,0.86,109,109
29,2020/7/30,2020/7/30,Бј,364,72,68,2,22,0.83,105,105
30,2020/7/31,2020/7/31,Бј,352,42,54,3,21,0.72,96,96
0,2020/8/1,2020/8/1,УЕ,306,,31,2,23,0.67,68,68
1,2020/8/2,2020/8/2,УЕ,294,15,31,2,19,0.44,101,101
2,2020/8/3,2020/8/3,УЕ,262,17,34,2,22,0.48,98,98
3,2020/8/4,2020/8/4,УЕ,287,13,35,2,26,0.42,80,80
4,2020/8/5,2020/8/5,Бј,52,341,31,53,2,31,0.69,59
5,2020/8/6,2020/8/6,УЕ,346,30,42,2,21,0.79,88,88
6,2020/8/7,2020/8/7,УЕ,313,23,31,3,18,0.69,81,81
7,2020/8/8,2020/8/8,УЕ,325,22,40,2,18,0.57,104,104
8,2020/8/9,2020/8/9,УЕ,270,17,32,2,15,0.45,112,112
9,2020/8/10,2020/8/10,УЕ,211,14,25,2,15,0.4,104,104
10,2020/8/11,2020/8/11,Бј,335,30,53,2,19,0.57,121,121
11,2020/8/12,2020/8/12,УЕ,328,33,47,2,20,,77,77
12,2020/8/13,2020/8/13,УЕј¶,180,11,16,3,13,0.6,77,77
13,2020/8/14,2020/8/14,Бј,335,26,41,2,21,0.61,99,99
14,2020/8/15,2020/8/15,УЕ,328,32,46,2,23,,73,73
15,2020/8/16,2020/8/16,Бј,317,38,37,3,20,0.62,60,60
16,2020/8/17,2020/8/17,Бј,348,47,39,2,19,0.75,54,54
17,2020/8/18,2020/8/18,УЕ,283,31,25,2,21,,39,39
18,2020/8/19,2020/8/19,УЕ,103,9,22,2,21,0.41,41,41
19,2020/8/20,2020/8/20,УЕ,201,19,29,2,22,0.5,39,39
20,2020/8/21,2020/8/21,УЕ,309,22,43,2,25,0.62,79,79
21,2020/8/22,2020/8/22,Бј,336,,57,2,25,0.68,93,93
22,2020/8/23,2020/8/23,Бј,362,56,72,2,25,0.75,101,101
23,2020/8/24,2020/8/24,УЕ,119,10,15,2,13,0.37,87,87
24,2020/8/25,2020/8/25,УЕ,270,17,41,2,,0.5,84,84
25,2020/8/26,2020/8/26,Бј,363,58,77,4,31,1.55,90,90
26,2020/8/27,2020/8/27,Бј,340,45,51,2,24,1.04,75,75
27,2020/8/28,2020/8/28,УЕ,167,16,38,2,24,,90,90
28,2020/8/29,2020/8/29,Бј,325,48,73,2,31,0.8,92,92
29,2020/8/30,2020-08-30,Бј,340,53,,2,21,0.95,93,93
30,2020/8/31,2020/8/31,УЕ,127,15,23,2,20,0.5,42,42
0,2020/9/1,2020/9/1,УЕ,64,11,25,2,22,0.46,43,43
1,2020/9/2,2020/9/2,УЕ,42,,25,2,19,0.4,46,46
2,2020/9/3,2020/9/3,УЕ,26,6,16,,16,0.34,48,48
3,2020/9/4,2020/9/4,УЕ,95,13,33,2,27,0.45,48,48
4,2020/9/5,2020/9/5,Бј,247,23,51,2,,1.17,84,84
5,2020/9/6,2020/9/6,Бј,90,358,57,82,4,32,1.02,120
6,2020/9/7,2020/9/7,УЕ,88,16,28,2,19,0.44,80,80
7,2020/9/8,2020/9/8,УЕ,22,53,7,18,2,21,0.33,46
8,2020/9/9,2020/9/9,УЕ,80,7,22,2,25,0.33,44,44
9,2020/9/10,2020/9/10,УЕ,49,6,20,2,20,0.32,36,36
10,2020/9/11,2020/9/11,УЕј¶,8,,,2,17,0.4,26,26
11,2020/9/12,2020/9/12,УЕ,46,10,20,2,16,0.43,44,44
12,2020/9/13,2020/9/13,УЕ,198,23,38,2,25,0.53,58,58
13,2020/9/14,2020/9/14,Бј,314,42,49,2,23,0.61,64,64
14,2020/9/15,2020/9/15,УЕ,308,34,22,2,21,0.67,52,52
15,2020/9/16,2020-09-16,УЕ,15,5,15,2,13,0.28,38,38
16,2020/9/17,2020/9/17,УЕ,45,6,18,2,19,0.33,,41
17,2020/9/18,2020/9/18,УЕ,141,9,25,2,28,0.37,35,35
18,2020/9/19,2020/9/19,УЕ,173,13,36,2,31,0.41,58,58
19,2020/9/20,2020/9/20,УЕ,169,11,30,2,25,0.33,59,59
20,2020/9/21,2020/9/21,Бј,318,,64,3,37,0.63,69,69
21,2020/9/22,2020-09-22,УЕ,41,229,23,37,2,31,0.5,43
22,2020/9/23,2020/9/23,УЕ,269,33,35,2,34,,38,38
23,2020/9/24,2020/9/24,УЕ,204,27,23,3,23,0.65,59,59
24,2020/9/25,2020/9/25,УЕ,223,34,39,2,32,0.7,63,63
25,2020/9/26,2020/9/26,Бј,327,52,54,2,34,0.71,85,85
26,2020/9/27,2020/9/27,Бј,88,358,65,65,2,38,0.77,97
27,2020/9/28,2020/9/28,Зб¶ИОЫИҫ,109,361,82,84,2,39,0.82,78
28,2020/9/29,2020/9/29,УЕ,34,13,13,3,18,0.39,38,38
29,2020/9/30,2020/9/30,УЕ,62,16,27,2,26,,25,25
0,2020/10/1,2020/10/1,Бј,295,43,47,2,,0.59,32,32
1,2020/10/2,2020/10/2,УЕ,49,5,18,2,12,0.21,47,47
2,2020/10/3,2020/10/3,УЕ,211,20,44,4,27,0.45,37,37
3,2020/10/4,2020/10/4,УЕ,62,4,19,2,8,0.18,43,43
4,2020/10/5,2020/10/5,УЕ,90,6,,2,20,0.26,35,35
5,2020/10/6,2020/10/6,УЕ,241,25,50,4,36,0.52,30,30
6,2020/10/7,2020/10/7,Бј,354,59,84,5,54,0.89,28,28
7,2020/10/8,2020/10/8,Зб¶ИОЫИҫ,113,359,85,93,3,67,0.92,18
8,2020/10/9,2020/10/9,Зб¶ИОЫИҫ,141,362,107,106,3,69,1,36
9,2020/10/10,2020-10-10,ЦР¶ИОЫИҫ,184,366,139,104,3,47,1,68
10,2020/10/11,2020/10/11,Бј,266,43,43,2,23,0.41,45,45
11,2020/10/12,2020/10/12,УЕј¶,42,9,28,2,26,0.28,37,37
12,2020/10/13,2020/10/13,УЕ,103,13,38,2,27,0.33,36,36
13,2020/10/14,2020/10/14,УЕ,110,8,32,3,25,0.46,28,28
14,2020/10/15,2020/10/15,Бј,348,45,71,2,44,0.73,16,16
15,2020/10/16,2020/10/16,УЕ,185,17,26,2,28,0.35,39,39
16,2020/10/17,2020-10-17,УЕ,198,15,45,2,43,0.39,26,26
17,2020/10/18,2020/10/18,Бј ,231,27,64,3,50,0.63,27,27
18,2020/10/19,2020/10/19,Бј,268,48,78,3,56,0.85,27,27
19,2020/10/20,2020/10/20,ЦР¶ИОЫИҫ,152,355,115,119,3,,1,16
20,2020/10/21,2020/10/21,Зб¶ИОЫИҫ,109,317,43,140,2,24,0.37,41
21,2020/10/22,2020/10/22,УЕ,144,12,59,2,22,0.27,40,40
22,2020/10/23,2020/10/23,УЕ,10,7,21,1,17,0.23,35,35
23,2020/10/24,2020/10/24,Бј,122,29,65,3,46,0.56,28,28
24,2020/10/25,2020/10/25,Зб¶ИОЫИҫ,104,346,78,119,,68,,26
25,2020/10/26,2020/10/26,Зб¶ИОЫИҫ,117,320,84,118,4,,0.88,37
26,2020/10/27,2020/10/27,УЕ,94,8,47,2,24,0.3,43,43
27,2020/10/28,2020/10/28,УЕј¶,134,15,47,3,41,0.43,21,21
28,2020/10/29,2020/10/29,Бј,214,34,74,3,57,0.62,16,16
29,2020/10/30,2020/10/30,Бј,248,51,80,2,55,0.7,27,27
30,2020/10/31,2020/10/31,ЦР¶ИОЫИҫ,159,361,78,217,2,53,0.64,21
0,2020/11/1,2020/11/1,Бј,154,15,67,2,20,0.28,37,37
1,2020/11/2,2020/11/2,УЕ,98,6,44,2,16,0.23,40,40
2,2020/11/3,2020/11/3,УЕ,67,10,34,2,27,0.3,28,28
3,2020/11/4,2020/11/4,Бј,246,,77,3,57,0.68,8,8
4,2020/11/5,2020/11/5,Зб¶ИОЫИҫ,113,358,84,124,5,86,1.12,9
5,2020/11/6,2020/11/6,Зб¶ИОЫИҫ,114,361,74,136,3,70,0.91,24
6,2020/11/7,2020/11/7,Бј,290,27,136,2,25,0.38,42,42
7,2020/11/8,2020/11/8,УЕ,52,11,40,2,27,0.32,30,30
8,2020/11/9,2020/11/9,УЕ,74,20,55,2,47,0.52,16,16
9,2020/11/10,2020/11/10,Бј,134,36,73,3,58,0.73,11,11
10,2020/11/11,2020/11/11,Зб¶ИОЫИҫ,129,353,98,135,,88,1.15,6
11,2020/11/12,2020/11/12,Зб¶ИОЫИҫ,127,346,89,113,4,69,0.97,26
12,2020/11/13,2020/11/13,УЕ,78,20,50,4,43,0.56,23,23
13,2020/11/14,2020/11/14,Бј,209,46,82,3,63,0.86,4,4
14,2020/11/15,2020/11/15,Зб¶ИОЫИҫ,103,281,77,91,3,61,1.05,10
15,2020/11/16,2020/11/16,Зб¶ИОЫИҫ,135,327,103,114,5,69,1.53,4
16,2020/11/17,2020-11-17,Зб¶ИОЫИҫ,137,344,104,95,2,49,1.66,7
17,2020/11/18,2020/11/18,Бј,317,45,18,2,29,0.99,21,21
18,2020/11/19,2020/11/19,УЕ,8,7,11,2,14,0.33,44,44
19,2020/11/20,2020/11/20,УЕ,23,9,20,2,21,0.32,44,44
20,2020/11/21,2020-11-21,УЕ,233,26,33,2,42,0.53,14,14
21,2020/11/22,2020/11/22,УЕ,13,7,13,2,11,0.26,45,45
22,2020/11/23,2020/11/23,УЕ,87,13,27,3,25,0.38,31,31
23,2020/11/24,2020/11/24,УЕ,173,29,47,3,46,0.61,,13
23,2020/11/24,2020/11/24,УЕј¶,173,29,47,3,46,0.61,,13
24,2020/11/25,2020/11/25,УЕ,144,25,40,4,35,0.55,,28
25,2020/11/26,2020/11/26,УЕ,136,19,39,4,44,0.63,17,17
26,2020/11/27,2020/11/27,УЕ,92,16,30,2,22,0.42,43,43
27,2020/11/28,2020/11/28,УЕ,38,11,,2,22,0.34,38,38
28,2020/11/29,2020/11/29,УЕ,53,15,,3,29,0.39,28,28
29,2020/11/30,2020/11/30,УЕ,38,16,32,3,28,0.38,31,31
0,2020/12/1,2020/12/1,УЕ,93,24,41,3,42,0.5,15,15
1,2020/12/2,2020/12/2,УЕ,73,18,35,3,28,0.43,33,33
2,2020/12/3,2020/12/3,УЕ,17,7,19,2,20,0.3,48,48
3,2020/12/4,2020/12/4,УЕ,12,7,19,3,20,0.33,,47
4,2020/12/5,2020/12/5,УЕ,51,21,36,6,42,,25,25
5,2020/12/6,2020/12/6,Бј,97,34,52,6,35,0.58,29,29
6,2020/12/7,2020/12/7,УЕ,20,7,26,3,14,0.28,48,48
7,2020/12/8,2020/12/8,УЕ,50,20,39,5,40,0.5,21,21
8,2020/12/9,2020/12/9,Бј,179,44,78,6,59,0.85,5,5
9,2020/12/10,2020/12/10,Бј,180,56,94,5,69,1.11,10,10
10,2020/12/11,2020/12/11,Бј,75,32,55,4,52,0.64,19,19
11,2020/12/12,2020/12/12,Бј,232,73,99,4,60,1.33,8,8
12,2020/12/13,2020/12/13,УЕ,22,8,26,2,8,0.28,49,49
13,2020/12/14,2020/12/14,УЕ,67,10,26,3,19,0.36,37,37
14,2020/12/15,2020/12/15,УЕ,115,15,38,4,35,0.43,19,19
15,2020/12/16,2020/12/16,УЕ,94,17,38,4,31,0.44,25,25
16,2020/12/17,2020/12/17,Бј,180,36,72,5,56,0.84,8,8
17,2020/12/18,2020/12/18,УЕ,31,9,27,3,18,0.31,46,46
18,2020/12/19,2020/12/19,УЕ,105,25,51,5,50,0.57,11,11
19,2020/12/20,2020/12/20,УЕ,55,24,43,5,43,0.56,,27
20,2020/12/21,2020/12/21,Бј,74,34,54,5,55,0.71,16,16
21,2020/12/22,2020/12/22,Бј,,105,52,75,5,64,0.9,9
22,2020/12/23,2020/12/23,Бј,168,39,128,4,30,0.59,42,42
23,2020/12/24,2020/12/24,Бј,103,19,60,3,24,0.38,,44
24,2020/12/25,2020/12/25,Бј,140,31,79,5,,0.71,12,12
25,2020/12/26,2020/12/26,Бј,156,46,98,9,57,1.24,6,6
26,2020/12/27,2020/12/27,Бј,129,63,100,6,59,1.39,8,8
27,2020/12/28,2020/12/28,Бј,156,60,93,7,39,0.94,20,20
28,2020/12/29,2020/12/29,УЕ,139,8,54,2,6,0.28,49,49
29,2020/12/30,2020/12/30,УЕ,55,,30,2,7,0.29,51,51
30,2020/12/31,2020/12/31,УЕј¶,50,11,35,2,26,0.38,34,34
0,2021/1/1,2021/1/1,Бј,198,28,61,5,49,0.73,10,10
1,2021/1/2,2021/1/2,Бј,187,51,79,5,47,1.19,13,13
2,2021/1/3,2021/1/3,УЕ,19,13,30,3,30,0.42,29,29
3,2021/1/4,2021/1/4,УЕ,37,15,37,3,23,0.42,39,39
4,2021/1/5,2021/1/5,УЕ,26,,,2,18,0.3,40,40
5,2021/1/6,2021/1/6,Бј,134,11,75,2,7,0.25,51,51
6,2021/1/7,2021/1/7,УЕ,25,8,26,2,9,0.3,49,49
7,2021/1/8,2021/1/8,УЕ,34,8,28,,12,0.24,52,52
8,2021/1/9,2021/1/9,УЕ,47,9,35,2,13,0.26,50,50
9,2021/1/10,2021/1/10,УЕ,12,8,23,2,13,0.26,55,55
10,2021/1/11,2021/1/11,УЕ,84,18,57,3,19,0.38,38,38
11,2021/1/12,2021/1/12,Бј,253,43,143,4,47,0.73,16,16
12,2021/1/13,2021/1/13,Зб¶ИОЫИҫ,142,314,57,234,2,30,0.54,39
13,2021/1/14,2021/1/14,Бј,153,53,115,5,34,0.95,24,24
14,2021/1/15,2021/1/15,Бј,193,42,146,2,17,0.49,49,49
15,2021/1/16,2021/1/16,УЕ,19,9,30,2,11,0.27,55,55
16,2021/1/17,2021/1/17,УЕј¶,75,16,54,3,22,0.38,42,42
17,2021/1/18,2021/1/18,Бј,93,18,61,3,25,0.42,40,40
18,2021/1/19,2021/1/19,УЕ,56,26,46,2,24,0.61,33,33
19,2021/1/20,2021/1/20,Бј,149,51,62,3,37,0.8,20,20
20,2021/1/21,2021/1/21,Зб¶ИОЫИҫ,103,210,77,93,5,,1.17,16
21,2021/1/22,2021/1/22,Зб¶ИОЫИҫ,112,227,84,109,8,54,1.45,22
22,2021/1/23,2021/1/23,Зб¶ИОЫИҫ,115,242,86,93,3,50,1.34,20
23,2021/1/24,2021/1/24,Зб¶ИОЫИҫ,137,247,-99,103,3,52,1.3,20
24,2021/1/25,2021/1/25,ЦР¶ИОЫИҫ,175,314,132,106,2,59,1.5,10
25,2021/1/26,2021/1/26,Зб¶ИОЫИҫ,110,258,82,78,2,40,1.08,30
26,2021/1/27,2021/1/27,Бј,98,27,60,5,,0.74,35,35
27,2021/1/28,2021/1/28,УЕ,72,6,48,2,7,0.24,64,64
28,2021/1/29,2021/1/29,УЕ,90,19,50,3,31,0.53,27,27
29,2021/1/30,2021/1/30,Бј,170,40,86,4,47,0.88,19,19
30,2021/1/31,2021/1/31,Бј,225,63,81,3,33,1.05,28,28
0,2021/2/1,2021/2/1,УЕ,89,20,52,2,12,0.38,55,55
1,2021/2/2,2021/2/2,УЕ,45,13,36,2,17,0.42,47,47
2,2021/2/3,2021/2/3,УЕ,71,17,50,3,23,0.47,40,40
3,2021/2/4,2021/2/4,Бј,96,33,60,4,,0.62,37,37
4,2021/2/5,2021/2/5,Бј,159,41,73,4,44,0.83,32,32
5,2021/2/6,2021/2/6,Бј,259,33,112,3,26,0.53,52,52
6,2021/2/7,2021/2/7,УЕ,81,24,57,3,12,0.44,58,58
7,2021/2/8,2021/2/8,УЕ,112,29,41,3,28,0.62,41,41
8,2021/2/9,2021/2/9,Бј,284,62,71,5,39,0.92,42,42
9,2021/2/10,2021/2/10,Бј,291,74,81,6,39,1.04,53,53
10,2021/2/11,2021/2/11,ЦШ¶ИОЫИҫ,204,357,159,149,8,41,1.7,62
11,2021/2/12,2021/2/12,ЦШ¶ИОЫИҫ,249,356,201,205,8,31,1.62,76
12,2021/2/13,2021/2/13,СПЦШОЫИҫ,255,366,205,192,5,38,2.28,27
13,2021/2/14,2021/2/14,Зб¶ИОЫИҫ,141,352,,88,2,22,1.5,28
14,2021/2/15,2021/2/15,УЕ,83,8,24,2,7,0.27,68,68
15,2021/2/16,2021/2/16,УЕ,58,5,31,2,4,0.21,72,72
16,2021/2/17,2021/2/17,УЕ,7,8,15,2,7,0.27,64,64
17,2021/2/18,2021/2/18,УЕ,83,24,33,4,24,0.48,45,45
18,2021/2/19,2021/2/19,Бј,256,44,65,,42,0.79,36,36
19,2021/2/20,2021/2/20,Бј,272,44,90,4,48,0.81,33,33
20,2021/2/21,2021/2/21,Зб¶ИОЫИҫ,119,345,55,186,3,34,0.66,41
21,2021/2/22,2021/2/22,Бј,117,,69,3,13,0.38,66,66
22,2021/2/23,2021-02-23,УЕ,135,27,,2,19,0.54,49,49
23,2021/2/24,2021/2/24,Бј,246,42,51,3,26,0.67,38,38
24,2021/2/25,2021/2/25,Зб¶ИОЫИҫ,103,347,77,75,3,34,0.95,41
25,2021/2/26,2021/2/26,ЦР¶ИОЫИҫ,170,353,129,107,4,39,1.3,54
26,2021/2/27,2021/2/27,ЦР¶ИОЫИҫ,,342,122,,6,38,1.06,66
27,2021/2/28,2021/2/28,Зб¶ИОЫИҫ,129,351,97,71,3,38,0.95,44
0,2021/3/1,2021/3/1,УЕ,121,21,15,2,13,0.41,56,56
1,2021/3/2,2021/3/2,Бј,332,58,51,2,22,0.66,30,30
2,2021/3/3,2021/3/3,Зб¶ИОЫИҫ,147,359,112,99,1,37,1.07,20
3,2021/3/4,2021/3/4,ЦР¶ИОЫИҫ,198,365,149,128,2,49,1.34,18
4,2021/3/5,2021/3/5,ЦР¶ИОЫИҫ,156,363,116,103,2,36,1.13,26
5,2021/3/6,2021/3/6,УЕ,209,20,51,3,,0.58,43,43
6,2021/3/7,2021/3/7,Бј,312,56,72,2,39,0.71,28,28
7,2021/3/8,2021/3/8,Зб¶ИОЫИҫ,115,327,87,82,3,48,0.8,29
8,2021/3/9,2021/3/9,ЦР¶ИОЫИҫ,184,362,141,110,4,50,,43
9,2021/3/10,2021/3/10,ЦШ¶ИОЫИҫ,232,365,184,132,3,55,1.23,44
10,2021/3/11,2021/3/11,ЦР¶ИОЫИҫ,163,349,123,81,2,39,0.93,51
11,2021/3/12,2021/3/12,Зб¶ИОЫИҫ,135,351,103,69,2,36,0.9,36
12,2021/3/13,2021/3/13,Зб¶ИОЫИҫ,134,341,102,60,2,29,1,49
13,2021/3/14,2021/3/14,ЦР¶ИОЫИҫ,172,348,130,95,1,46,0.98,24
14,2021/3/15,2021/3/15,СПЦШОЫИҫ,363,345,208,1563,2,19,0.42,54
15,2021/3/16,2021/3/16,Зб¶ИОЫИҫ,114,238,36,178,2,19,0.29,59
16,2021/3/17,2021/3/17,ЦР¶ИОЫИҫ,185,294,62,312,3,49,0.63,22
17,2021/3/18,2021/3/18,Бј,311,55,130,2,27,0.63,46,46
18,2021/3/19,2021/3/19,Бј,301,72,91,2,34,0.77,31,31
19,2021/3/20,2021/3/20,Бј,228,30,,2,16,0.45,50,50
20,2021/3/21,2021/3/21,УЕ,56,6,31,2,10,0.23,71,71
21,2021/3/22,2021/3/22,Зб¶ИОЫИҫ,128,349,27,207,2,27,0.31,45
22,2021/3/23,2021/3/23,Бј,274,37,123,3,42,0.48,43,43
23,2021/3/24,2021/3/24,Зб¶ИОЫИҫ,106,323,40,,2,,0.4,56
24,2021/3/25,2021/3/25,Бј,248,56,115,4,40,0.5,65,65
25,2021/3/26,2021/3/26,ЦР¶ИОЫИҫ,178,362,134,159,3,73,1.01,31
26,2021/3/27,2021/3/27,ЦР¶ИОЫИҫ,178,359,134,111,2,39,1,51
27,2021/3/28,2021/3/28,СПЦШОЫИҫ,289,335,132,790,2,17,0.4,68
28,2021/3/29,2021/3/29,Бј,219,20,,2,22,0.25,64,64
29,2021/3/30,2021/3/30,Зб¶ИОЫИҫ,141,266,53,224,3,35,0.5,56
30,2021/3/31,2021/3/31,Зб¶ИОЫИҫ,,312,53,181,2,39,0.55,53
0,2021/4/1,2021/4/1,Зб¶ИОЫИҫ,113,351,73,176,8,44,0.93,78
1,2021/4/2,2021/4/2,Бј,281,36,68,2,26,0.45,73,73
2,2021/4/3,2021/4/3,УЕ,173,13,27,,18,0.27,65,65
3,2021/4/4,2021/4/4,УЕ,77,6,28,2,20,,68,68
4,2021/4/5,2021/4/5,Бј,279,,70,3,29,0.38,68,68
5,2021/4/6,2021/4/6,Бј,190,30,60,2,,,73,73
6,2021/4/7,2021/4/7,Бј,283,39,81,4,35,0.51,67,67
7,2021/4/8,2021/4/8,Бј,280,33,72,,34,0.42,69,69
8,2021/4/9,2021/4/9,Бј,265,,77,6,33,0.65,74,74
9,2021/4/10,2021/4/10,Бј,340,65,101,7,39,0.88,79,79
10,2021/4/11,2021/4/11,Бј,343,59,95,3,34,,79,79
11,2021/4/12,2021/4/12,Бј,307,47,73,3,31,0.59,51,51
12,2021/4/13,2021/4/13,УЕ,76,5,24,2,13,0.22,74,74
13,2021/4/14,2021/4/14,Бј,319,23,83,2,27,0.3,57,57
14,2021/4/15,2021/4/15,ЦР¶ИОЫИҫ,171,328,69,306,4,23,0.4,67
15,2021/4/16,2021/4/16,Зб¶ИОЫИҫ,111,270,36,172,2,8,0.21,70
16,2021/4/17,2021/4/17,УЕ,54,9,33,2,13,0.22,68,68
17,2021/4/18,2021/4/18,Бј,206,25,78,3,32,0.35,60,60
18,2021/4/19,2021/4/19,Бј,351,54,131,3,39,,87,87
19,2021/4/20,2021/4/20,Бј,344,52,125,3,38,,101,101
20,2021/4/21,2021/4/21,Бј,64,309,39,76,2,34,,83
21,2021/4/22,2021/4/22,УЕ,166,32,42,2,26,0.62,69,69
22,2021/4/23,2021/4/23,УЕј¶,153,24,37,2,21,0.5,69,69
23,2021/4/24,2021/4/24,УЕ,158,20,41,2,20,0.45,79,79
24,2021/4/25,2021/4/25,Бј,296,38,58,2,26,0.55,77,77
25,2021/4/26,2021/4/26,Бј,264,36,62,3,28,0.49,76,76
26,2021/4/27,2021/4/27,Бј,273,28,108,,19,0.35,70,70
27,2021/4/28,2021/4/28,Бј,193,13,64,2,16,0.22,74,74
28,2021/4/29,2021/4/29,Бј,181,16,66,2,20,0.26,67,67
29,2021/4/30,2021/4/30,УЕ,35,12,30,2,23,0.3,59,59
0,2021/5/1,2021/5/1,УЕ,13,9,29,,16,0.25,56,56
1,2021/5/2,2021/5/2,УЕ,95,12,,2,17,0.25,67,67
2,2021/5/3,2021/5/3,Бј,299,35,78,4,24,0.49,88,88
3,2021/5/4,2021/5/4,Бј,222,13,63,2,11,0.24,80,80
4,2021/5/5,2021/5/5,Бј,276,26,99,2,18,0.3,82,82
5,2021/5/6,2021-05-06,ЦР¶ИОЫИҫ,200,342,82,339,3,17,0.84,81
6,2021/5/7,2021/5/7,Зб¶ИОЫИҫ,142,254,72,215,2,8,0.25,81
7,2021/5/8,2021/5/8,Бј,253,44,130,2,16,0.25,72,72
8,2021/5/9,2021/5/9,Бј,199,20,54,3,30,0.37,72,72
9,2021/5/10,2021/5/10,Бј,225,21,56,3,27,0.48,89,89
10,2021/5/11,2021/5/11,УЕ,249,23,48,2,23,0.57,97,97
11,2021/5/12,2021/5/12,УЕ,213,13,47,2,28,0.4,83,83
12,2021/5/13,2021/5/13,Бј,288,41,69,4,30,0.91,79,79
13,2021/5/14,2021/5/14,Бј,318,40,76,2,28,1.07,71,71
14,2021/5/15,2021/5/15,УЕ,262,12,32,2,14,0.4,,63
15,2021/5/16,2021/5/16,УЕ,142,3,20,2,17,0.24,66,66
16,2021/5/17,2021/5/17,УЕ,270,11,43,2,30,0.32,68,68
17,2021/5/18,2021/5/18,Бј,305,20,63,2,34,0.4,81,81
18,2021/5/19,2021/5/19,Бј,340,30,75,,25,,121,121
19,2021/5/20,2021/5/20,Бј,312,35,72,2,20,0.53,108,108
20,2021/5/21,2021/5/21,Бј,325,37,71,2,21,0.61,119,119
21,2021/5/22,2021/5/22,Бј,309,32,83,2,22,0.6,130,130
22,2021/5/23,2021/5/23,Зб¶ИОЫИҫ,135,347,51,191,2,10,0.23,69
23,2021/5/24,2021/5/24,Бј,209,14,59,2,14,0.22,59,59
24,2021/5/25,2021/5/25,Бј,262,18,83,,16,0.32,88,88
25,2021/5/26,2021/5/26,Бј,260,16,59,2,22,0.38,76,76
26,2021/5/27,2021/5/27,УЕ,194,11,40,2,23,0.31,54,54
27,2021/5/28,2021/5/28,УЕ,81,3,18,2,10,0.2,81,81
28,2021/5/29,2021/5/29,УЕ,160,8,32,,14,0.25,91,91
29,2021/5/30,2021/5/30,УЕј¶,206,16,,2,18,0.38,105,105
30,2021/5/31,2021/5/31,УЕ,148,25,41,2,23,0.79,63,63
0,2021/6/1,2021/6/1,УЕ,153,14,34,2,19,0.5,75,75
1,2021/6/2,2021/6/2,УЕ,222,21,47,2,25,0.64,66,66
2,2021/6/3,2021/6/3,УЕ,70,2,21,2,15,0.23,61,61
3,2021/6/4,2021/6/4,УЕ,139,6,29,2,18,0.25,60,60
4,2021/6/5,2021/6/5,УЕ,61,7,23,2,19,0.26,63,63
5,2021/6/6,2021/6/6,УЕ,115,11,42,2,22,0.38,92,92
6,2021/6/7,2021/6/7,УЕ,148,20,46,3,18,0.64,110,110
7,2021/6/8,2021/6/8,Бј,287,27,54,2,16,0.75,137,137
8,2021/6/9,2021/6/9,Бј,248,28,56,2,20,1.59,84,84
9,2021/6/10,2021/6/10,УЕ,145,9,,2,15,0.35,97,97
10,2021/6/11,2021/6/11,Бј,248,14,,2,29,0.38,99,99
11,2021/6/12,2021/6/12,Бј,350,29,77,3,,0.54,149,149
12,2021/6/13,2021/6/13,Бј,352,,94,3,21,1.05,150,150
13,2021/6/14,2021/6/14,УЕ,214,21,31,3,13,0.93,85,85
14,2021/6/15,2021/6/15,Бј,331,,35,2,12,0.7,118,118
15,2021/6/16,2021/6/16,УЕ,217,18,33,2,18,0.63,60,60
16,2021/6/17,2021/6/17,УЕ,28,163,7,16,2,15,0.37,64
17,2021/6/18,2021/6/18,УЕ,152,5,25,2,18,0.23,62,62
18,2021/6/19,2021/6/19,УЕ,192,,33,2,23,0.23,58,58
19,2021/6/20,2021/6/20,УЕ,188,9,33,2,23,0.26,66,66
20,2021/6/21,2021/6/21,Бј,289,17,65,3,24,0.45,114,114
21,2021/6/22,2021/6/22,Бј ,231,14,43,2,16,0.49,117,117
22,2021/6/23,2021/6/23,УЕј¶,111,18,34,2,20,,78,78
23,2021/6/24,2021/6/24,УЕ,174,23,44,,24,0.53,90,90
24,2021/6/25,2021/6/25,УЕ,251,31,49,2,17,0.84,99,99
25,2021/6/26,2021/6/26,УЕ,230,20,37,2,13,0.66,104,104
26,2021/6/27,2021/6/27,Бј,319,25,46,2,15,0.73,113,113
27,2021/6/28,2021/6/28,Бј,314,32,54,2,15,0.8,126,126
28,2021/6/29,2021/6/29,УЕ,246,26,41,2,12,0.65,95,95
29,2021/6/30,2021/6/30,УЕ,181,13,27,2,9,0.53,108,108
0,2021/7/1,2021/7/1,УЕ,202,12,27,2,12,0.43,96,96
1,2021/7/2,2021/7/2,УЕ,37,256,10,23,2,10,0.4,109
2,2021/7/3,2021/7/3,УЕ,255,7,15,2,9,0.47,113,113
3,2021/7/4,2021/7/4,УЕ,169,9,21,,14,0.41,82,82
4,2021/7/5,2021/7/5,УЕ,192,10,29,2,19,0.47,82,82
5,2021/7/6,2021/7/6,УЕ,221,11,20,3,10,0.49,116,116
6,2021/7/7,2021/7/7,УЕ,293,21,40,2,15,0.64,108,108
7,2021/7/8,2021/7/8,УЕ,253,12,31,2,17,0.48,92,92
8,2021/7/9,2021/7/9,Бј,308,16,37,2,15,0.55,125,125
9,2021/7/10,2021/7/10,Бј,335,,67,2,19,0.87,116,116
10,2021/7/11,2021/7/11,УЕ,304,26,48,2,14,0.85,120,120
11,2021/7/12,2021/7/12,УЕ,14,4,5,2,8,0.44,51,51
12,2021/7/13,2021/7/13,УЕ,38,,16,2,12,0.59,59,59
13,2021/7/14,2021/7/14,УЕ,219,19,33,2,13,0.75,93,93
14,2021/7/15,2021/7/15,УЕ,307,26,42,,13,0.87,106,106
15,2021/7/16,2021/7/16,УЕ,225,17,32,2,10,0.73,95,95
16,2021/7/17,2021/7/17,УЕј¶,108,12,22,3,9,0.58,52,52
17,2021/7/18,2021/7/18,УЕ,129,15,25,2,11,0.61,47,47
18,2021/7/19,2021/7/19,УЕ,157,16,28,2,13,0.56,68,68
19,2021/7/20,2021/7/20,УЕ,279,,34,2,13,0.59,68,68
20,2021/7/21,2021/7/21,УЕ,253,16,32,2,15,0.6,51,51
21,2021/7/22,2021/7/22,УЕ,91,13,24,,17,0.65,34,34
22,2021/7/23,2021/7/23,УЕ,198,14,30,2,16,0.48,64,64
23,2021/7/24,2021/7/24,УЕ,325,,52,2,17,0.54,87,87
24,2021/7/25,2021/7/25,Бј,342,30,59,2,17,0.6,90,90
25,2021/7/26,2021/7/26,Бј,344,29,59,2,16,0.67,86,86
26,2021/7/27,2021/7/27,УЕ,116,11,16,2,11,0.55,73,73
27,2021/7/28,2021/7/28,УЕ,53,11,19,2,15,0.62,35,35
28,2021/7/29,2021/7/29,УЕ,49,9,16,2,13,0.53,35,35
29,2021/7/30,2021/7/30,УЕ,19,6,13,2,,0.43,53,53
30,2021/7/31,2021/7/31,УЕј¶,224,14,36,2,14,0.58,86,86
0,2021/8/1,2021/8/1,УЕ,45,5,17,2,9,0.37,66,66
1,2021/8/2,2021/8/2,УЕ,62,4,18,2,11,0.38,66,66
2,2021/8/3,2021/8/3,УЕ,184,15,39,2,12,0.7,89,89
3,2021/8/4,2021/8/4,УЕ,293,-99,47,2,14,0.75,109,109
4,2021/8/5,2021/8/5,УЕ,267,25,41,2,12,0.68,109,109
5,2021/8/6,2021/8/6,УЕ,242,23,40,2,16,0.58,85,85
6,2021/8/7,2021/8/7,Бј,337,40,69,2,17,0.73,108,108
7,2021/8/8,2021/8/8,Бј,334,40,76,2,19,0.77,107,107
8,2021/8/9,2021/8/9,УЕ,162,16,23,2,9,0.58,121,121
9,2021/8/10,2021/8/10,УЕ,170,13,28,,15,0.56,90,90
10,2021/8/11,2021/8/11,Бј,304,29,53,2,18,0.82,,89
11,2021/8/12,2021/8/12,УЕ,296,26,,2,13,0.89,95,95
12,2021/8/13,2021/8/13,УЕ,289,21,41,2,15,0.72,90,90
13,2021/8/14,2021/8/14,УЕј¶,250,22,36,2,12,0.68,86,86
14,2021/8/15,2021/8/15,УЕ,220,19,,2,14,0.64,68,68
15,2021/8/16,2021/8/16,УЕ,244,22,33,2,14,0.76,75,75
16,2021/8/17,2021/8/17,УЕ,143,9,16,2,10,0.53,77,77
17,2021/8/18,2021/8/18,УЕ,179,14,32,2,18,0.53,69,69
18,2021/8/19,2021-08-19,УЕ,105,14,22,2,13,0.59,67,67
19,2021/8/20,2021/8/20,УЕ,87,8,15,2,11,0.62,77,77
20,2021/8/21,2021/8/21,УЕ,151,10,25,2,15,0.55,67,67
21,2021/8/22,2021/8/22,Бј,330,33,67,2,17,1.32,85,85
22,2021/8/23,2021/8/23,УЕ,321,25,49,2,11,0.69,96,96
23,2021/8/24,2021/8/24,УЕ,73,8,17,2,11,0.38,73,73
24,2021/8/25,2021/8/25,УЕ,43,5,16,2,14,0.37,57,57
25,2021/8/26,2021/8/26,УЕ,34,4,15,2,,0.37,52,52
26,2021/8/27,2021/8/27,УЕ,106,7,20,3,15,0.41,55,55
27,2021/8/28,2021/8/28,УЕј¶,124,9,24,2,19,0.43,42,42
28,2021/8/29,2021/8/29,УЕ,228,16,38,2,17,0.45,73,73
29,2021/8/30,2021-08-30,УЕ,331,25,50,2,,0.58,82,82
30,2021/8/31,2021/8/31,УЕ,268,23,37,,18,0.62,85,85
0,2021/9/1,2021/9/1,УЕ,242,15,35,2,23,0.5,84,84
1,2021/9/2,2021/9/2,УЕ,267,20,43,2,21,0.55,91,91
2,2021/9/3,2021/9/3,Бј,316,27,52,2,20,0.65,98,98
3,2021/9/4,2021/9/4,УЕ,215,21,33,2,,0.79,75,75
4,2021/9/5,2021/9/5,УЕ,98,13,23,2,14,0.53,,59
5,2021/9/6,2021/9/6,УЕ,24,4,8,3,11,0.4,51,51
6,2021/9/7,2021/9/7,УЕ,142,10,26,2,17,0.45,62,62
7,2021/9/8,2021/9/8,УЕ,193,19,36,2,18,0.58,92,92
8,2021/9/9,2021/9/9,УЕ,239,,48,2,,0.73,71,71
9,2021/9/10,2021/9/10,Бј,257,31,53,2,20,0.79,90,90
10,2021/9/11,2021/9/11,Бј,322,42,72,2,22,0.93,97,97
11,2021/9/12,2021/9/12,УЕ,252,28,53,2,,0.91,54,54
12,2021/9/13,2021/9/13,УЕ,168,17,32,2,18,0.77,55,55
13,2021/9/14,2021/9/14,УЕј¶,188,19,36,2,19,0.78,44,44
14,2021/9/15,2021/9/15,УЕ,246,18,44,2,26,0.7,43,43
15,2021/9/16,2021/9/16,УЕ,168,15,31,2,24,0.68,29,29
16,2021/9/17,2021/9/17,УЕ,97,8,22,2,19,0.42,44,44
17,2021/9/18,2021/9/18,УЕ,217,18,44,2,28,0.53,43,43
18,2021/9/19,2021/9/19,УЕ,160,-99,30,,19,0.6,,44
19,2021/9/20,2021/9/20,УЕ,35,4,5,2,11,0.52,61,61
20,2021/9/21,2021/9/21,УЕ,40,4,13,2,15,0.43,51,51
21,2021/9/22,2021/9/22,УЕ,29,114,8,26,2,20,0.43,59
22,2021/9/23,2021/9/23,УЕ,235,20,47,3,28,0.66,68,68
23,2021/9/24,2021/9/24,УЕ,70,14,20,2,,0.86,51,51
24,2021/9/25,2021/9/25,УЕ,109,13,23,2,16,0.6,52,52
25,2021/9/26,2021/9/26,УЕ,69,12,20,2,20,0.58,,32
26,2021/9/27,2021/9/27,УЕј¶,103,,23,2,19,0.49,48,48
27,2021/9/28,2021-09-28,УЕ,235,22,49,2,27,,44,44
28,2021/9/29,2021/9/29,УЕ,226,17,43,2,26,0.54,47,47
29,2021/9/30,2021/9/30,Бј,274,30,58,3,24,0.85,52,52
0,2021/10/1,2021/10/1,УЕ,48,10,27,2,20,0.39,43,43
1,2021/10/2,2021/10/2,Бј,226,27,61,2,31,0.73,25,25
2,2021/10/3,2021/10/3,УЕ,230,28,56,2,,,39,39
3,2021/10/4,2021/10/4,УЕ,15,3,18,2,13,0.25,39,39
4,2021/10/5,2021/10/5,УЕ,14,5,12,2,17,0.33,23,23
5,2021/10/6,2021/10/6,УЕ,10,5,6,3,15,0.34,30,30
6,2021/10/7,2021/10/7,УЕ,29,7,14,2,15,0.28,33,33
7,2021/10/8,2021/10/8,УЕ,116,13,,,20,0.39,38,38
8,2021/10/9,2021/10/9,УЕ,171,22,,2,26,0.58,39,39
9,2021/10/10,2021/10/10,УЕ,91,3,20,2,13,0.25,50,50
10,2021/10/11,2021/10/11,УЕ,155,7,25,2,25,,30,30
5,2021/2/6,2021/2/6,Бј,259,,112,3,,0.53,52,52
11,2021/10/12,2021/10/12,УЕ,182,11,32,2,28,0.39,33,33
12,2021/10/13,2021/10/13,УЕј¶,258,28,47,2,41,0.5,33,33
13,2021/10/14,2021-10-14,УЕ,210,17,,3,32,0.5,29,29
14,2021/10/15,2021/10/15,УЕ,136,7,27,2,16,0.3,40,40
15,2021/10/16,2021/10/16,УЕ,119,3,,2,10,0.25,48,48
16,2021/10/17,2021/10/17,УЕ,250,15,41,2,32,0.38,21,21
17,2021/10/18,2021/10/18,Бј,296,34,66,2,40,0.52,20,20
18,2021/10/19,2021/10/19,УЕ,43,-99,20,,18,0.26,43,43
19,2021/10/20,2021/10/20,УЕ,252,22,46,2,36,0.43,22,22
20,2021/10/21,2021/10/21,УЕ,174,15,34,2,25,0.36,34,34
21,2021/10/22,2021-10-22,УЕ,110,8,28,,25,0.28,42,42
22,2021/10/23,2021/10/23,Бј,227,29,57,3,,0.45,30,30
23,2021/10/24,2021/10/24,Бј,325,68,82,3,50,0.68,34,34
24,2021/10/25,2021/10/25,ЦР¶ИОЫИҫ,153,359,116,107,3,56,0.92,36
25,2021/10/26,2021/10/26,Бј,287,57,60,2,33,0.59,38,38
26,2021/10/27,2021/10/27,УЕ,44,7,30,2,30,0.32,32,32
27,2021/10/28,2021/10/28,УЕ,122,18,50,,38,0.49,22,22
28,2021/10/29,2021/10/29,Бј,304,66,92,4,60,0.82,20,20
29,2021/10/30,2021/10/30,Зб¶ИОЫИҫ,126,334,95,97,3,54,0.89,31
30,2021/10/31,2021/10/31,Бј,175,20,54,2,19,0.38,45,45
0,2021/11/1,2021/11/1,Бј,292,57,72,2,42,0.83,15,15
1,2021/11/2,2021/11/2,Бј,319,67,75,2,50,0.76,9,9
2,2021/11/3,2021/11/3,Зб¶ИОЫИҫ,123,337,93,84,2,49,0.81,13
3,2021/11/4,2021/11/4,ЦР¶ИОЫИҫ,163,352,124,102,2,49,0.95,15
4,2021/11/5,2021/11/5,ЦР¶ИОЫИҫ,187,355,142,111,2,48,1.13,17
5,2021/11/6,2021-11-06,Зб¶ИОЫИҫ,117,327,86,71,2,31,1.06,23
6,2021/11/7,2021/11/7,УЕ,14,3,4,2,6,0.3,55,55
7,2021/11/8,2021/11/8,УЕ,16,3,13,999,7,0.23,58,58
8,2021/11/9,2021/11/9,УЕј¶,20,3,12,2,9,0.38,59,59
9,2021/11/10,2021/11/10,УЕ,11,4,15,2,12,0.21,58,58
10,2021/11/11,2021/11/11,УЕ,13,4,15,2,13,0.23,53,53
11,2021/11/12,2021/11/12,УЕ,73,13,39,2,31,0.4,33,33
12,2021/11/13,2021/11/13,Бј,169,20,61,3,33,0.49,,32
13,2021/11/14,2021/11/14,Бј,59,154,21,70,2,37,0.45,27
14,2021/11/15,2021/11/15,Бј,227,33,99,3,33,0.56,26,26
15,2021/11/16,2021/11/16,Бј,210,51,86,2,43,0.84,12,12
16,2021/11/17,2021/11/17,Зб¶ИОЫИҫ,108,289,81,94,2,52,0.97,11
17,2021/11/18,2021/11/18,Зб¶ИОЫИҫ,130,307,97,97,2,60,1.14,9
18,2021/11/19,2021/11/19,УЕ,76,15,36,2,,0.46,37,37
19,2021/11/20,2021/11/20,Бј,186,29,66,2,43,,7,7
20,2021/11/21,2021/11/21,Бј,333,29,132,2,22,0.51,30,30
20,2021/11/21,2021/11/21,Бј,333,29,132,2,22,0.51,30,30
21,2021/11/22,2021/11/22,УЕ,97,6,29,2,11,0.23,46,46
22,2021/11/23,2021/11/23,УЕ,127,16,,2,41,,18,18
23,2021/11/24,2021/11/24,Бј,214,30,78,3,48,0.7,14,14
24,2021/11/25,2021/11/25,Бј,214,36,86,3,50,0.77,16,16
25,2021/11/26,2021/11/26,УЕ,99,21,57,2,38,0.49,25,25
26,2021/11/27,2021/11/27,Бј,259,56,87,3,56,0.94,9,9
27,2021/11/28,2021/11/28,Зб¶ИОЫИҫ,133,343,100,107,3,62,1.18,8
28,2021/11/29,2021/11/29,Бј,85,287,63,56,2,33,0.74,19
29,2021/11/30,2021/11/30,УЕ,8,4,,2,10,0.24,49,49
0,2021/12/1,2021/12/1,УЕ,40,9,27,2,29,0.38,30,30
1,2021/12/2,2021/12/2,УЕ,54,11,38,2,23,0.37,40,40
2,2021/12/3,2021/12/3,УЕ,81,12,43,2,30,0.4,35,35
3,2021/12/4,2021/12/4,УЕ,109,21,53,2,44,0.63,15,15
4,2021/12/5,2021/12/5,Бј,227,55,89,4,62,1.02,7,7
5,2021/12/6,2021/12/6,УЕ,68,20,44,2,27,0.42,,39
6,2021/12/7,2021/12/7,УЕј¶,42,13,37,2,33,0.45,19,19
7,2021/12/8,2021/12/8,Бј,147,39,67,2,53,0.67,,6
8,2021/12/9,2021/12/9,Зб¶ИОЫИҫ,122,290,92,65,2,60,0.96,2
9,2021/12/10,2021-12-10,Бј,151,58,57,2,40,0.75,13,13
10,2021/12/11,2021/12/11,УЕ,71,22,42,2,25,0.5,31,31
11,2021/12/12,2021/12/12,УЕ,24,4,17,2,11,0.23,47,47
12,2021/12/13,2021/12/13,УЕ,130,22,46,2,44,0.55,13,13
13,2021/12/14,2021/12/14,Бј,159,47,74,2,54,0.83,8,8
14,2021/12/15,2021/12/15,Бј,214,62,94,3,58,1.15,6,6
15,2021/12/16,2021/12/16,УЕ,101,23,55,2,20,0.49,46,46
16,2021/12/17,2021/12/17,УЕ,27,7,22,2,13,0.31,47,47
17,2021/12/18,2021/12/18,УЕ,82,16,44,2,33,0.43,27,27
18,2021/12/19,2021/12/19,Бј,233,33,81,3,55,0.67,14,14
19,2021/12/20,2021/12/20,Бј,254,37,101,3,,0.81,18,18
20,2021/12/21,2021/12/21,Бј,151,27,69,3,38,0.61,26,26
21,2021/12/22,2021/12/22,УЕ,103,32,54,3,35,0.64,23,23
22,2021/12/23,2021/12/23,Бј,134,45,73,4,44,0.91,7,7
23,2021/12/24,2021/12/24,УЕ,13,7,20,2,11,,51,51
24,2021/12/25,2021/12/25,УЕ,1,4,13,2,7,0.3,52,52
25,2021/12/26,2021/12/26,УЕ,42,9,25,2,19,0.3,38,38
26,2021/12/27,2021/12/27,УЕ,157,22,51,2,43,0.6,16,16
27,2021/12/28,2021/12/28,Бј ,132,34,60,4,52,0.88,10,10
28,2021/12/29,2021/12/29,УЕ,66,11,44,2,20,0.32,49,49
29,2021/12/30,2021/12/30,УЕ,59,11,37,2,21,0.31,49,49
30,2021/12/31,2021/12/31,УЕј¶,57,20,46,3,,0.63,18,18
